ID,Suburb,Segment,Type,Price,LogPrice,SaleDate,Bedrooms,Bathrooms,Pool,Air Con,Renovated,Views,Study,Outdoor Space,IsHouse,LogLand,LandMissing,Rooms,BathPerBed,CarsCapped,AmenityScore,DistCBD_km,DaysSinceStart,MultiDwelling,kw_water,kw_luxury,kw_devpot,kw_station,kw_investor,kw_reno,DescWords,Description
1,Cabramatta,House / duplex,House,8050000,15.901182649394746,2026-09-30,12,5,0,0,0,0,0,1,1,7.223295679562314,0,17,0.4166666666666667,6.0,1,25.4,510,1,0,0,1,1,0,0,561,"SOLD AT A RECORD PRICE BY LE HUYNH
106 + 108 JOHN ST, CABRAMATTA
TWO PROPERTIES MUST BE SOLD IN ONE LINE
These two adjoining properties are located in the middle of Cabramatta CBD and just a short walk to Cabramatta Station.
Zone R4 development site
Total land size approximately 1,374m2 (30.06m by 45.72m)
HOUSE 106 JOHN STREET
Double storey cladding hous
4 bedrooms
2 bathrooms
Living room. Kitchen. Laundry.
HOUSE 108 JOHN STREET
Double storey brick house
5 bedrooms with built in robes
Master bedroom with en suite
Main bathroom with separate toilet
Total 3 bathrooms and 3 toilet
Large living area opening to a large balcony.
Combine kitchen and dining with a balcony faced to the back yard
Timber flooring throughout
Spacious double garage
Come have lunch or dinner at the restaurants in Cabramatta. You will soon discover the reason why this suburb is known as 'Little Vietnam', many of the signs are written in Vietnamese. So please come enjoy a bowl of pho, Bún bò Huế or a bun from the bakery as well as 'fried banana'. South East Asian cuisine can be shown throughout the whole business district from John Street, to Park Road, Hughes Street, Hill Street and Railway Parade.
From the oriental lamp shades to the Medibank stall, would make someone wonder, ‘Where am I?’. Welcome and see the joy that is on offer as Cabramatta is open for business!
The residence is in a notable location, close to Cabramatta CBD. Marked by the stone statues of the mother pig with her piglets on ‘John Street’, demonstrates the vision from the local community to create a better future for their families. The tortoise sculpture becomes a climbable perch for the children as well as the white ‘pailau’ offers a sight to behold with a marble foundation as well as the ornate details. Can you see the Australian native animals etched into the woodwork on the gate? (If you look carefully find the kangaroo and the koala).
Lion Dancing is commonly displayed during the Moon Festival, and Lunar New Year. Fireworks, will be incredibly close to where you will be living, afterwards it will be within walking distance back home. The fireworks are shown in the evening to help you finish off the festivities after a long day of eating through the food stalls and watching the shows on offer.
'Tony's Bakery' has been serving pork rolls for decades and became a household name long ago. Amongst the wonderful selection of bubble tea shops from 'Milk Flower','Sharetea', 'Machi Machi' and 'My Modern', has generated a family friendly atmosphere for the local community to enjoy. The morning rush, through to lunch as well as dinner sees a variety of different patrons passing through the arcades, the food court of BKK as well as the Dutton Lane Shopping Centre. The local community so often says that Cabramatta rarely ever closes, as it has so much to offer.
*** All offers must be in writing ***
Please be aware that all enquiries require a contact number and email address. Enquiries that do not have this information will not receive a response.
All information contained therein is gathered from relevant third party sources. We cannot guarantee or give any warranty about the information provided. Interested parties must rely solely on their own enquiries.
Virtual/ styling furniture may have been used."
2,Mount Druitt,"Strata (unit, townhouse, villa)",Townhouse,835000,13.635187003832993,2026-09-21,4,2,0,1,0,0,0,1,0,0.0,0,6,0.5,2.0,2,37.7,501,0,0,0,0,1,1,0,238,"SOLD BY BASEL NAHAS & KEVIN HILL
4/23 MEACHER STREET, MOUNT DRUITT
Set within a boutique complex of just eight townhouses, this free-standing townhouse resembles house-like proportions with its dual level design and perfect for the first home buyer and investors alike. With a rental potential of approx. $700 per week, it is conveniently located within walking distance of Mount Druitt Westfield, Mount Druitt Station, vibrant rooftop dining and places of worship.
- Open-plan lounge and dining area, seamlessly flowing onto outdoor courtyard
- Four bedrooms, all with built-in mirrored wardrobes, including a master with ensuite
- Modern gas kitchen is equipped with steel appliances, dishwasher and cupboard space
- Readymade family home or investment, potential to enhance and add your personal touches
- Single lock up garage with internal access plus an additional car space for extra parking
- Boutique complex with visitor car spaces and a playground for kids to enjoy outdoors
- Well-appointed main bathroom, tiled with a separate bath and shower, internal laundry
- Air-conditioning and down-lighting, neutral blend of polished tiles and floorboards
- Minutes from Mount Druitt Hospital, Westfield Mount Druitt and local amenities
Council rates: $456 per quarter
Strata rates: $453 per quarter
Water rates: $200 per quarter
** While we have provided the above information, Laing+Simmons makes no guarantees about its accuracy, completeness, or current relevance. All interested parties should conduct their own independent inquiries to verify the information. **"
3,Mount Druitt,"Strata (unit, townhouse, villa)",Unit/Apartment,435000,12.983101310070822,2026-09-18,2,1,0,1,0,0,0,1,0,0.0,0,3,0.5,1.0,2,37.7,498,0,0,0,0,1,1,0,265,"SOLD BY BASEL NAHAS & KEVIN HILL
11/30 HYTHE STREET, MOUNT DRUITT
Conveniently set metres from the buzz of Mount Druitt's vibrant CBD, this beautifully refreshed two-bedroom apartment has been exceptionally transformed to create a modern living environment suited to an astute professional or first home buyer. It offers a streamlined, open plan design with high quality hybrid floors, a contemporary style kitchen and a private leafy balcony. The property is placed within an established building and located just 900m from Station, Westfield and an array of dining options.
- Modern interiors unveil a free-flowing lounge/dining area with quality hybrid flooring
- Seamless in/outdoor flow to the serene outdoor space, relaxed all-weather balcony
- Well-maintained kitchen features stainless steel gas appliances, wide breakfast bar
- Two generous bedrooms offer highlight windows, both fitted with built-in wardrobes
- Predominately tiled bathroom includes a soaking tub and shower, internal laundry
- Air-conditioning, ceiling fans, neutral colour scheme, elegant style blinds/curtains
- Thoughtful additions throughout creates a contemporary feel, ideal for first home
- Single lock-up garage set within the secure basement, established garden complex
- Double brick construction with solid walls, quiet and private top-floor position
- Private and pet-safe large balcony with steel-reinforced safety netting installed
- Easy walk to local schools, parklands, Mount Druitt Hospital, Timezone and cinemas
Strata rates: $1,195 per quarter
Water rates: $216 per quarter
Council rates: $489 per quarter
** While we have provided the above information, Laing+Simmons makes no guarantees about its accuracy, completeness, or current relevance. All interested parties should conduct their own independent inquiries to verify the information.**"
4,Mount Druitt,House / duplex,House,925000,13.737549016494562,2026-09-17,3,1,0,1,1,0,0,0,1,6.1224928095143865,0,4,0.3333333333333333,2.0,2,37.7,497,0,0,0,1,1,1,1,263,"Sold By Umer Chaudhry & Shaikh Faisal! Call or text on 0470470833 for an updated appraisal!
6 DRUITT STREET, MOUNT DRUITT
Sold By Umer Chaudhry & Shaikh Faisal!
Call or text on 0470470833 for an updated appraisal!
Welcome to 6 Druitt Street, Mount Druitt, three-bedroom home set on a 455 sqm block. This inviting property presents an exceptional opportunity for first-home buyers and astute investors looking to add a quality asset to their portfolio. Located in a sought-after area, this home offers comfort, convenience, and potential for future growth. Upon entering, you'll find a spacious lounge room, complete with split-system air conditioning, providing a welcoming environment. The kitchen, designed for functionality, boasts ample storage, a dishwasher, and a comfortable layout perfect for everyday living.
Highlight Features:
+ Spacious lounge plus additional dining area with split-system air conditioning
+ Comfortable kitchen with ample storage and a dishwasher
+ Three bedrooms ; two with split-system air conditioning & built in wardrobes
+ Functional central bathroom
+ Ideal for investors or first-home buyers
+ Great potential to personalise or add Granny flat (STCA)
Local Amenities
+ Mount Druitt Train Station 1.9km
+ Mount Druitt Westfield 1.9km
+ Mount Druitt Public School 1.3km
+ Mount Druitt Hospital 2.4km
+ Easy access to public transport and M7 & M4
**Nidus Group Real Estate, its directors, employees, and related entities believe that the information contained herein is gathered from sources we deem to be reliable. However, no representation or warranties of any nature whatsoever are given, intended or implied. Any interested parties should rely on their own inquiries* less"
5,Mount Druitt,House / duplex,House,900000,13.710150042306449,2026-09-17,5,3,0,1,0,0,1,1,1,6.298949246855942,0,8,0.6,5.0,3,37.7,497,0,0,0,0,0,0,0,443,"Under Contract By Angelo @ Ray White United
2 DURHAM STREET, MOUNT DRUITT
Delivering exceptional versatility, comfort, and space, this impressive residence is perfectly designed for growing or extended families seeking flexible living options in a private and secure setting. Showcasing a spacious dual-level main home together with a separate self-contained retreat at the rear, the property offers the ideal balance of functionality and convenience with multiple living zones, generous outdoor space, and extensive off-street parking. Whether you are accommodating extended family, working from home, or simply looking for extra room to spread out, this unique property provides a lifestyle of comfort and practicality.
WHAT WE LOVE ABOUT THIS PROPERTY:
- Four well-sized bedrooms in the main residence, with two positioned downstairs and two upstairs
- Built-in wardrobes to three bedrooms for added storage and convenience
- Main downstairs bathroom with shower plus separate toilet for added practicality
- Second upstairs bathroom complemented by an attached walk-in robe
- Charming timber kitchen featuring dishwasher, electric cooking, ample cabinetry, and included fridge
- Ceiling fans installed throughout all bedrooms for year-round comfort
- Light-filled lounge room complete with air conditioning and ceiling fan
- Adjoining dining area ideal for everyday family meals and entertaining
- Additional upstairs living area perfect as a study, retreat, kids' zone, or second sitting room
- Plantation shutters fitted to most windows throughout the main house
- External laundry offering additional space and functionality
- Fully fenced yard providing privacy and security for the family
- Large garden shed available for tenant use
- Extensive off-street parking including front driveway parking for two vehicles
- Additional secure gated rear driveway accommodating up to three more vehicles
- Undercover rear carport ideal for extra vehicle protection
- Generous 543 sqm block size offering space, privacy, and flexibility
Retreat:
- Privately positioned one-bedroom partly furnished retreat at the rear
- Open-plan living and kitchenette area offering independent living potential
- Separate external shower and toilet facilities
- Comfortable bedroom featuring wardrobe and ceiling fan
- Currently rented for $700 per week, representing excellent immediate income potential, with market expectations indicating a return of approximately $850-$900 per week.
For more information on this property, please contact Angelo on 0425 361 696.
Disclaimer: The above information has been gathered from sources that we believe are reliable. However, we cannot guarantee the accuracy of this information and nor do we accept responsibility for its accuracy. Any interested parties should rely on their own enquiries and judgment to determine the accuracy of this information for their own purposes. Images are for illustrative and design purposes only and do not represent the final product or finishes."
6,Mount Druitt,"Strata (unit, townhouse, villa)",Unit/Apartment,310000,12.644327576461329,2026-09-15,1,1,0,1,0,0,0,1,0,0.0,0,2,1.0,1.0,2,37.7,495,0,0,0,0,0,0,0,173,"Modern Apartment with Abundant Natural Light and Prime Location
121/21C DURHAM STREET, MOUNT DRUITT
""The seamless blend of modern design and natural surroundings makes this apartment a true urban sanctuary."" – Owner
- Bedroom: Spacious bedroom with built-in wardrobe and balcony access.
- Bathrooms: Well-appointed bathroom with modern fixtures.
- Kitchen: Contemporary layout with integrated storage and ample natural light.
- Living and Dining Areas: Open-plan design with a focus on light and space.
- Outdoor Spaces: Private balcony offering serene views and outdoor relaxation.
- Additional Features: Efficient air conditioning, and ample storage.
- Location: Conveniently located near public transport, shopping centers, and parks.
Disclaimer: All information contained herein is gathered from sources we believe to be reliable. However, we cannot guarantee its accuracy. We do not accept any responsibility for its accuracy and we do no more than pass it on. Any interested persons should rely on their own enquiries. Some images may include AI-enhanced presentation elements such as lighting or virtual staging. All structural details remain true to the property."
7,Mount Druitt,House / duplex,House,1530000,14.240778293368619,2026-09-14,3,1,0,1,1,0,0,1,1,6.920671504248683,0,4,0.3333333333333333,2.0,3,37.7,494,0,0,0,1,1,1,1,373,"SOLD AT AUCTION BY DAVID FRENDO
12 GEORGE STREET, MOUNT DRUITT
David Frendo from R&W Elite Group proudly presents this exciting 1/4 acre property, set on a substantial 1,012m2 (approx.) level corner block with outstanding development potential and potential for a granny flat, subject to Council approval.
Offering a rare opportunity to secure approximately quarter acre in a highly convenient location, this three-bedroom clad home provides an ideal foundation for those looking to renovate, rebuild, add a granny flat or explore future development possibilities.
The existing residence features generous living spaces, original character and a practical floorplan, while the expansive level landholding, corner position and established gardens provide plenty of scope for those seeking a property with significant future potential.
Property features include:
* Substantial 1,012m2 (approx.) 1/4 acre block
* Level corner block with development potential
* Potential for granny flat, (S.T.C.A)
* Development potential, subject to Council approval
* Three generous bedrooms with carpet flooring
* Separate lounge with split-system air conditioning
* Dining area adjoining the original kitchen
* Original kitchen with electric cooking
* Enclosed screened sunroom providing additional living space
* High ceilings throughout
* Internal laundry with convenient access
* Single tandem garage with additional workspace
* Covered greenhouse and shade-cloth garden area
* Outdoor outhouse toilet
* Established mature gardens
* Excellent scope to renovate or redevelop
* Potential rental return of $700 per week
A rare quarter-acre opportunity with genuine potential, this property is ideally suited to developers, investors, renovators and families looking to secure a substantial parcel of land in a tightly held location.
With its 1,012m2 (approx.) level corner block, generous proportions and potential for a granny flat or future development, subject to Council approval, the property offers an exciting opportunity to unlock the full value of this impressive landholding.
Ideally located within close proximity to Mt Druitt Railway Station, local shops, schools, parks and public transport, with easy access to the M4 and M7 Motorways, this property combines exceptional land potential with everyday convenience.
Properties offering approximately one-quarter of an acre, corner positioning and granny flat potential are increasingly difficult to find.
AUCTION: Saturday - 12th September, On Site at 2:30pm
For further information, please contact David Frendo on 0411 457 027."
8,Mount Druitt,House / duplex,House,891000,13.700099706452946,2026-09-11,3,1,0,1,0,0,0,0,1,6.335054251498059,0,4,0.3333333333333333,1.0,1,37.7,491,0,0,0,1,1,1,0,286,"SOLD BY BASEL NAHAS & SINA TAFA
130 MOUNT DRUITT ROAD, MOUNT DRUITT
Occupying a gated corner block in a peaceful cul-de-sac setting, this blonde-brick residence offers a comfortable foundation with exciting scope to personalise and enhance. Original character is complemented by timber floors, highlight windows and a practical layout, plus the detached retreat with storage adds valuable flexibility. Set on 563sqm block with no easements, the property presents an appealing first-home or investment opportunity with potential for a granny flat (STCA).
- Open living flows naturally to the kitchen/dining zone, creating a practical layout
- Child-friendly yard offers plenty of space for outdoor enjoyment or enhancements
- Set on a 563sqm block with no easements, the generous corner block is fully gated
- Original galley-style kitchen with a cooktop connects directly with the dining space
- Three comfortable bedrooms enjoy timber floors, one fitted with a built-in wardrobe
- Air conditioning, fully tiled bathroom features a shower and fixed mirrored cabinetry
- Polished timber floors, highlight windows, air conditioning and an external laundry
- Detached garage conversion offers additional storage and a w/c, off-street parking
- Original blonde-brick construction, polished timber flooring and highlight windows
- Providing a blank canvas for a contemporary transformation in a sought-after area
- Substantial 563sqm corner block may also suit the addition of a granny flat (STCA)
- Positioned on a quiet cul-de-sac corner block close to the M4 and M7 motorways
- Located just 1.7km from Mt Druitt Station, Westfield, local schools, parks and dining
** While we have provided the above information, Laing+Simmons makes no guarantees about its accuracy, completeness, or current relevance. All interested parties should conduct their own independent inquiries to verify the information. **"
9,Cabramatta,"Strata (unit, townhouse, villa)",Unit/Apartment,475000,13.071070083016778,2026-09-11,2,1,0,0,1,0,0,1,0,0.0,0,3,0.5,1.0,2,25.4,491,0,0,0,0,1,0,0,182,"Great Location!!!
9/15 ACACIA STREET, CABRAMATTA
Perfectly located few minutes walk to train station, bus interchange, shops, schools.
This residence combines space, comfort, convenience and value.
• 2 Spacious bedrooms located on 2nd floor.
• Well maintained bathroom, internal laundry.
• Light filled open plan living and dining area flowing to sunny balcony.
• Freshly painted, neat and tidy kitchen.
• Tiled & Timber Floorboards throughout.
• Lock Up Garage and intercom security system.
• Walking Distance to Cabramatta CBD, Schools & Train Station.
• Outgoings: Council rate $294/quarter, Strata fee $597/q, Water rate $217/q
Disclaimer: The above mentioned information has been furnished to us by the vendor and / or third parties. We have not verified whether or not that information is accurate, and do not have any belief one way or the other in its accuracy. We do not accept any responsibility to any person for its accuracy and do no more than pass it on.
All interested parties should make and rely upon their own inquiries in order to determine whether or not this information is, in fact, accurate."
10,Mount Druitt,"Strata (unit, townhouse, villa)",Unit/Apartment,420000,12.948009990259552,2026-09-11,2,1,0,1,1,0,0,1,0,0.0,0,3,0.5,1.0,3,37.7,491,0,0,0,0,1,1,1,374,"SOLD BY YVONNE TSEROS & ROY AMERY
17/46 LUXFORD ROAD, MOUNT DRUITT
This two bedroom unit is ready and waiting for its new owners to simply move in & enjoy!
Positioned in a well maintained, dual-building complex, unit 17, is perfectly set within the second building, further away from the main road, providing a quiet and peaceful place to unwind, relax and enjoy all that this stunning unit has to offer.
With Westfield Shopping Centre located directly opposite the complex, it provides added convenience for those in search for a property within a short distance to shops, station and more!
Additional Features Include:
* Light-filled open plan lounge and dining room with air-conditioning and floating floors
* Freshly painted throughout & new carpet to both bedrooms
* Spacious and modern kitchen with rangehood, oven, pantry, tiled splashback and ample cupboard / bench space
* Separate laundry room leading off the kitchen
* Two generous sized bedrooms with built-in wardrobes to both rooms
* Updated bathroom with shower o/bath, vanity & Toilet
* Linen cupboard
* Covered balcony leading off the dining area
* Carport for allocated parking space
* Estimated rental amount of $450.00 per week
Outgoings:
* Strata Levies: $810.00 Per Quarter
* Council Rates: $452.00 Per Quarter
* Water Rates: $216.53 Per Quarter
Prime Location!! Walking distance to shops, transport & more some of which include:
* Directly opposite Westfield approx. 4 min walk - 290 m
* Bus stop - 5 minute walk - 350 m
* Mount Druitt Public School - 9 min walk - 600 m
* Mount Druitt Railway Station - approx. 10 minute walk - 750 m
* TAFE NSW Mount Druitt - approx. 17 min walk - 1.2 km
* Chifley College Senior Campus Mount Druitt - 3 min drive - 1.5 km
* Mount Druitt Hospital - 3 min drive - 1.5 km
* West HQ - 4 min drive - 2.2 km
* Rooty Hill High School - 4 min drive - 2.5km
All of this and More!! Be sure not to miss out on this centrally located 2 bedroom unit!! For further information or to obtain a copy of the contract call Yvonne Tseros today on 0408 320 602.
DISCLOSURE: AGENT DECLARES INTEREST"
11,Cabramatta,"Strata (unit, townhouse, villa)",Unit/Apartment,545000,13.208541073645382,2026-09-10,2,1,0,1,0,0,0,1,0,0.0,0,3,0.5,1.0,2,25.4,490,0,0,0,0,1,1,0,195,"Convenient & Affordable 2-Bedroom Unit in the Heart of Cabramatta
6/23 PARK ROAD, CABRAMATTA
Located in a highly sought-after position, this well-presented 2-bedroom unit offers an excellent opportunity for first-home buyers, downsizers or savvy investors. Situated within walking distance to Cabramatta CBD, train station, local schools, shopping centres, restaurants and essential amenities, convenience is right at your doorstep.
Features include:
- Two generous bedrooms
- Spacious living and dining area
- Well-maintained kitchen with ample storage
- Neat and tidy bathroom
- Internal laundry
- Balcony providing natural light and ventilation
- Secure complex
- Close to public transport, parks and local services
Positioned in one of South-West Sydney's most vibrant and multicultural communities, this property combines affordability, lifestyle and investment potential. Cabramatta's unit market continues to attract strong demand from both owner-occupiers and investors due to its excellent transport links and growing local amenities.
Approximate local highlights:
- Short walk to Cabramatta Train Station
- Close to Cabramatta Shopping Centre and restaurants
- Nearby schools and childcare facilities
- Easy access to major roads and surrounding suburbs
For buyers seeking value and convenience in a prime location, this property is not to be missed."
12,Cabramatta,"Strata (unit, townhouse, villa)",Unit/Apartment,550000,13.217673557208654,2026-09-09,2,2,0,0,0,1,0,1,0,0.0,0,4,1.0,1.0,2,25.4,489,0,0,0,0,1,1,0,146,"Modern 2-Bedroom Apartment in the Heart of Cabramatta
7/87 HUGHES STREET, CABRAMATTA
Enjoy elevated views across the local area from this contemporary 2-bedroom apartment, ideally located in the centre of Cabramatta CBD. Offering a comfortable, low-maintenance lifestyle, this property is within easy walking distance of schools, the train station, and local shopping amenities. An excellent choice for first-home buyers or savvy investors seeking a quality addition to their portfolio.
- Bright and airy interiors with tiled flooring throughout
- Well-proportioned open-plan living and dining area
- Spacious bedrooms thoughtfully separated from the main living zones
- Bright kitchen reveals four-burner gas cooktop and rangehood
- Neatly appointed bathroom
- Residence also features internal laundry and tiled floors
- Secure basement car space
- Large undercover balcony
- Security building with intercom and lift access
- Conveniently located within walking distance of cafés, restaurants, and Cabramatta CBD"
13,Cabramatta,House / duplex,Semi/Duplex,1550000,14.253765488895429,2026-09-07,5,4,0,1,1,0,0,1,1,5.75890177387728,0,9,0.8,2.0,3,25.4,487,0,0,1,0,0,0,1,520,"Brand New Luxury Residence - Sophisticated Family Living in the Heart of Cabramatta
21 LINKS AVENUE, CABRAMATTA
21 Links Avenue, Cabramatta NSW
A breathtaking showcase of contemporary luxury, exceptional craftsmanship, and thoughtful design, this brand-new residence at 21 Links Avenue, Cabramatta presents an outstanding opportunity for families seeking space, comfort, and prestige in a highly sought-after location.
Set on approximately 316sqm; of land with an impressive of internal living space, this beautifully appointed home has been meticulously designed to deliver modern family living at its finest. Featuring five generous bedrooms, four luxurious bathrooms, and multiple living zones, the residence effortlessly combines elegance, functionality, and comfort.
From the moment you arrive, the striking facade and quality construction make a lasting impression. Inside, soaring high ceilings, premium finishes, and an abundance of natural light create a sophisticated and welcoming atmosphere throughout.
At the heart of the home lies a stunning gourmet kitchen featuring premium Santorini stone benchtops, quality appliances, a massive walk-in pantry, and an adjoining outdoor BBQ area, making it ideal for both everyday family life and entertaining on a grand scale.
Step outside to discover a substantial backyard rarely found in newly built homes. Offering ample space for family gatherings, celebrations, and outdoor entertaining, the expansive yard also provides plenty of room for children and pets to enjoy.
Property Features
• Brand-new luxury residence with premium finishes throughout
• Five spacious bedrooms with built-in wardrobes
• Four designer bathrooms, including three private ensuites
• Three bedrooms with their own bathroom access
• Multiple living and dining areas designed for growing families
• Gourmet kitchen with premium Santorini stone benchtops and quality appliances
• Massive walk-in pantry and dedicated outdoor BBQ area
• Soaring high ceilings throughout
• Elegant curved architectural features throughout the home
• Skylights in showers, providing abundant natural light
• Skylights in walk-in wardrobes
• Premium LED strip lighting and feature wall lighting throughout
• Quality flooring and contemporary fixtures
• Sheer curtains and premium roller blinds included
• Ultra-premium garage door
• Ample parking accommodation for multiple vehicles
• Expansive backyard ideal for entertaining and family enjoyment
• Approx. 316sqm land size
Prime Location
Conveniently positioned close to local schools, shopping centres, parks, cafes, and public transport, this exceptional residence offers the perfect balance of luxury, lifestyle, and convenience in one of Cabramatta's most desirable locations.
A rare opportunity to secure a brand-new family home of exceptional quality and scale. Inspect today and experience luxury living at its finest.
*Disclaimer Regarding Digital Alterations & Virtual Staging:
Please note that some photographs presented in this listing have been digitally modified using AI editing software and/or virtually staged. Digital alterations include, but are not limited to, the application of virtual twilight enhancements and the digital removal of specific physical elements (such as air conditioning units and stair rails) to illustrate the property's potential. These images are intended for illustrative and marketing purposes only and may not completely reflect the current, exact physical condition of the property. Prospective purchasers are strictly advised to conduct an in-person physical inspection to verify the layout, inclusions, and true condition of the home."
14,Mount Druitt,"Strata (unit, townhouse, villa)",Townhouse,710000,13.473020249017498,2026-09-07,3,1,0,0,0,0,0,1,0,0.0,0,4,0.3333333333333333,2.0,1,37.7,487,0,0,0,0,1,1,0,521,"SOLD BY MESHEL BAHNAM & ANISHA FERNANDO ! 0478 664 123
44/78 METHVEN STREET, MOUNT DRUITT
Anisha Fernando & Meshel Bahnam of the Ray White United Group are proud to present to the market 44/78 Methven Street, Mount Druitt!
Whether you're stepping into the market, looking to downsize, or searching for a smart investment, 44/78 Methven Street, Mount Druitt is a home that offers comfort, practicality, and a location that makes everyday life easy.
Set across two levels, the home provides a well-balanced layout with the living and dining areas downstairs, creating a welcoming space to gather with family or unwind after a busy day. The kitchen is both practical and functional, with plenty of storage and easy access to the outdoor patio, making indoor-outdoor living effortless.
Upstairs, three generously sized bedrooms, all fitted with built-in robes, offer peaceful retreats, while the main bathroom is complemented by the convenience of two separate WCs-one on the ground floor and one upstairs-making busy mornings that little bit easier.
Outside, you'll find a private patio that's perfect for entertaining or enjoying a quiet afternoon, along with a secure garage complete with additional storage, an internal laundry, a handy backyard shed, and a welcoming front porch that adds to the home's appeal.
Located within easy reach of Westfield Mount Druitt, Mount Druitt Station, quality schools, parks, and Mount Druitt Hospital, you'll enjoy the convenience of having everything you need just moments from your doorstep.
BUYERS NOTE:
*Strata rate - Approximately $425 per quarter
WHAT WE LOVE ABOUT THIS PROPERTY:
*Two-storey layout with ground and first-floor living
*Three spacious bedrooms, all with built-in robes
*Well-appointed bathroom with 2 separate WCs (one on each level)
*Bright and inviting living and dining area
*Functional kitchen with ample storage
*Internal laundry
*Private patio for outdoor entertaining
*Welcoming front porch
*Secure garage with additional storage
*Backyard shed
SOME LOCAL AMENITIES:
*St Bishoy Coptic Orthodox College - Approx. 300m
*William Mason Reserve - Approx. 850m
*Kimberley Park - Approx. 1.0km
*Mount Druitt Central - Approx. 1.1km
*St Aidan's Primary School - Approx. 1.2km
*Mount Druitt Hospital - Approx. 1.3km
*Westfield Mount Druitt - Approx. 1.5km
*TAFE NSW - Mount Druitt - Approx. 1.5km
*Mount Druitt Station - Approx. 1.7km
*Plumpton Park - Approx. 1.7km
*Mount Druitt Public School - Approx. 1.9km
*Rooty Hill Plaza - Approx. 2.1km
*Rooty Hill Station - Approx. 2.2km
*Plumpton High School - Approx. 2.2km
*Hebersham Public School - Approx. 2.3km
*Rupertswood Park - Approx. 2.5km
*HomeCo. Plumpton Marketplace - Approx. 2.7km
*Madang Avenue Public School - Approx. 3.0km
For further information, please contact Anisha Fernando 0414 585 660
Meshel Bahnam 0478 664 123
Don't miss out on all new listings advertised first on social media! @anishafernando.re
@meshelbahnam_realestate
Disclaimer: The above information has been gathered from sources that we believe are reliable. However, we cannot guarantee the accuracy of this information and nor do we accept responsibility for its accuracy. Any interested parties should rely on their own enquiries and judgment to determine the accuracy of this information for their own purposes. Images are for illustrative and design purposes only and do not represent the final product."
15,Mount Druitt,"Strata (unit, townhouse, villa)",Villa,890000,13.698976741708323,2026-09-04,3,2,0,1,1,0,0,1,0,0.0,0,5,0.6666666666666666,2.0,3,37.7,484,0,0,0,0,1,0,1,355,"SOLD BY UMER CHAUDHRY 0470470833!
4/7 BAYNES STREET, MOUNT DRUITT
SOLD BY UMER CHAUDHRY 0470470833!
CALL/TEXT ME ON 0470470833 FOR AN UPDATED APPRAISAL
Welcome to 4/7 Bayne Street, Mount Druitt - a freestanding three-bedroom, two-bathroom residence offering comfort, space, and convenience.
Freshly painted throughout, the home presents a bright and updated feel from the moment you walk in. The generous living area connects to the master bedroom, which includes an ensuite, built-in wardrobe, ducted air conditioning, and access to a central vacuum system. Spacious dining and family zones provide plenty of room for everyday living, with air conditioning servicing both areas.
The kitchen is well-appointed with gas cooking, an oven and dishwasher. The two remaining bedrooms both feature built-in wardrobes and floorboards. Outdoors, the large, covered pergola and concreted backyard offering low - maintainance which also creates an ideal setting for entertaining, relaxing, or enjoying extra outdoor space.
With no strata fees and a freestanding design, this property offers a rare opportunity in a convenient Mount Druitt location.
Key Features:
• Freestanding home with no strata fees
• Spacious open-plan, combined living and dining areas
• Master bedroom with ensuite and built-in wardrobe
• Two additional bedrooms with built-in wardrobes and floorboards
• Kitchen with gas cooking, oven, and dishwasher
• Ducted air conditioning throughout
• Freshly painted interior
• Large, covered backyard pergola plus yard space plus low maintenance
• Community levy approximately $155 per quarter
• 11.6KW Solar Panels to reduce your electricity bills
• Double garage plus double carport
• Five visitor parking spaces
Nearby Amenities:
• Mount Druitt Train Station – 1.8km
• Westfield Mount Druitt – 2.2km
• Mount Druitt Public School – 2.4km
• Mount Druitt Hospital – 3.8km
• Rooty Hill Mosque – 4.3km
• Australian Islamic College Sydney – 4.3km
• Rooty Hill RSL – 4.3km
• Easy access to main roads and public transport
Nidus Group Real Estate, its directors, employees and related entities have obtained the information provided from sources believed to be reliable. However, no warranty or representation is made as to its accuracy. Interested parties are encouraged to conduct their own independent enquiries."
16,Mount Druitt,House / duplex,House,942000,13.7557605535585,2026-09-02,3,1,0,1,1,0,0,0,1,6.389233448581676,0,4,0.3333333333333333,1.0,2,37.7,482,0,0,0,1,1,1,1,239,"SOLD BY ROY AMERY & MICHAEL TAHAN
21 LINDEN STREET, MOUNT DRUITT
Roy Amery & Anthony Cosgrove of R&W Elite Group Westfield Mt Druitt & Rooty Hill are proud to present this unique opportunity, positioned in one of Mount Druitt's most tightly held and sought after pocket with a land size of 594.4m2 & 17.8 metre frontage, this property would be a fantastic investment. This home has been in the family for many decades and has been well looked after and has plenty of character. Potential to build duplexes, granny flat or your dream home (Subject to Council Approval) this property is in the sought pocket of Mt Druitt within walking distance to Mount Druitt train station and Westfield Shopping Centre.
Featuring:
* 3 bedroom home with teenage retreat on 594.4.4m2 and 17.8 metre frontage (no easements)
* High ceilings, decorative cornices and near new colourbond roof
* Separate lounge and dining areas with split air-conditioning and plenty of natural light
* Renovated bathroom with huge shower, toilet and vanity
* Modern kitchen with plenty of cupboard space
* Outside laundry with cupboards and separate outside 2nd toilet
* Single carport
* Teenage retreat with bedroom and living area
* Walk to Mt Druitt Train Station and Westfield Mt Druitt
* Duplex/Granny flat potential (S.T.C.A)
Please call Roy Amery & Anthony Cosgrove from R&W Elite Group Rooty Hill & Westfield Mt Druitt on 0414 672 497 for further information."
17,Mount Druitt,"Strata (unit, townhouse, villa)",Unit/Apartment,435000,12.983101310070822,2026-09-02,2,1,0,1,0,0,0,1,0,0.0,0,3,0.5,1.0,2,37.7,482,0,0,0,0,1,1,0,234,"SOLD BY BASEL NAHAS & KEVIN HILL
3/30 HYTHE STREET, MOUNT DRUITT
An excellent opportunity for first-home buyers and investors seeking a large apartment with outdoor courtyard in a highly convenient location. It offers a practical two-bedroom layout and ensures a fabulous first home or investment within an area of high-growth and demand. The property is located within an established building and located just 1.1km from Mt Druitt Station, Westfield and an array of dining options.
- Two well-sized bedrooms offering direct access to the private outdoor courtyard
- Spacious open-plan lounge and dining area with split-cycle air conditioner
- Well-maintained kitchen features steel gas appliances, cupboard storage
- Predominately tiled bathroom includes a soaking tub and shower, internal laundry
- Large outdoor courtyard and large balcony ideal for entertaining or relaxing
- Ideal for first home buyers, potential to update and ad your personal touches
- Single lock-up garage set within the secure basement, established small complex
- Walk to Bukari Reserve, Mt Druitt Anadolu Mosque, St Bishoy Coptic Orthodox College
- Easy walk to local schools, parklands, Mount Druitt Hospital, Time zone and cinemas
Strata rates: $1,195 per quarter
Water rates: $216 per quarter
Council rates: $452 per quarter
** While we have provided the above information, Laing+Simmons makes no guarantees about its accuracy, completeness, or current relevance. All interested parties should conduct their own independent inquiries to verify the information. **"
18,Mount Druitt,"Strata (unit, townhouse, villa)",Unit/Apartment,385000,12.86099861326992,2026-08-31,2,1,0,0,0,0,0,1,0,0.0,0,3,0.5,1.0,1,37.7,480,0,0,0,0,1,1,0,199,"SOLD BY JACK NAHAS & SINA TAFA
8/41 MOREHEAD AVENUE, MOUNT DRUITT
Superbly located on the second floor, this double-brick apartment presents an outstanding opportunity for first-home buyers or savvy investors. The spacious open-plan lounge flows into a modern kitchen, complemented by two well-sized bedrooms and an all-weather balcony. The property compromises 96sqm and is located footsteps of Australian Islamic College and Rooty Hill Mosque.
- Bright and airy interiors unfold over a streamlined open-concept design
- All-weather balcony embraces its second floor setting with elevated views
- Light-filled kitchen is enhanced with new appliances and ample storage
- Two generous bedrooms enjoy highlight windows, one features built-in
- Refreshed bathroom showcases a neutral display, large internal laundry
- Excellent first home or investment opportunity attracts $450.00 per week
- Single garage, set on the second of an established complex.
- Located just 1.7km from Westfield, the station and an array of restaurants
Council Rates: $452.00 per quarter
Water Rates: $217.00 per quarter
Strata Rates: $986.00 per quarter
*While we have provided the above information, Laing+Simmons makes no guarantees about its accuracy, completeness, or current relevance. All interested parties should conduct their own independent inquiries to verify the information.*"
19,Cabramatta,"Strata (unit, townhouse, villa)",Unit/Apartment,530000,13.180632285528304,2026-08-27,2,1,0,0,0,0,1,1,0,0.0,0,3,0.5,1.0,2,25.4,476,0,0,0,0,0,1,0,221,"First floor unit in a prime location
6/34 HILL STREET, CABRAMATTA
This beautiful unit offers an exceptional blend of style, comfort, and convenience. Located in the heart of Cabramatta, it provides easy access to essential amenities, making it the perfect home for professionals, couples, or small families.
Key Features:
+ Two generously sized bedrooms (main with a built-in wardrobe)
+ Bright and spacious open-plan living and dining area
+ Spacious kitchen with a breakfast area
+ Well-sized bathroom with a bathtub
+ Internal laundry
+ Private balcony, ideal for outdoor relaxation
+ Single car space
+ Currently tenanted by an excellent family for over 10 years
Outgoings (per quarter):
- Council Rates: $298
- Water: $255
- Strata: $750 (Admin: $720 + Capital Fund: $30)
An inspection is highly recommended.
**Any financial or investment advice provided by the Agent is of a general nature only, whose preparation does not take into account the individual circumstances, objectives, financial situation or needs of the person. You are advised to consult with your own independent financial and/or investment adviser. All information contained herein is gathered from sources we believe to be reliable. However, we cannot guarantee its accuracy. We do not accept any responsibility for its accuracy and do no more than pass it on. Any interested persons should rely on their own enquiries."
20,Vaucluse,"Strata (unit, townhouse, villa)",Unit/Apartment,2100000,14.557447902693651,2026-08-26,2,2,0,1,0,1,0,1,0,0.0,0,4,1.0,1.0,3,6.5,475,0,1,1,0,0,0,0,326,"Contemporary Sub-Penthouse With Sweeping Ocean Views
12/19 YOUNG STREET, VAUCLUSE
This superb sub-penthouse-style apartment combines streamlined contemporary design and high-end finishes with magnificent ocean views, in a sought-after Vaucluse enclave. Overlooking Diamond Bay Reserve towards the coastline, with sweeping district views, the stunning 2-bedroom home occupies a leafy corner position, offering both sanctuary and exceptional entertaining potential.
Set across 2 levels of boutique ""The Carlton"", this excellent security apartment comes complete with underground parking and easy lift access. The upper level is bathed in natural light, with skylights, timber floors and glass windows all enhancing the expansive proportions. A large chef's kitchen, appointed with Smeg gas appliances and concealed laundry, features a custom dining table built into the marble island bench. The living space flows through floor-to-ceiling glass doors onto a vast 30sqm (approx.) terrace, creating a seamless entertaining experience, perfect for alfresco summers spent enjoying the magnificent views.
Two double bedrooms are peacefully positioned on the lower level, both with luxe travertine ensuites and built-in robes. One enjoys a private leafy terrace and bathroom with bespoke Corian vanity, whilst the 2nd includes a full-sized bath. Close to Vaucluse village shops and cafes and the majestic Diamond Bay cliffs, central to Bondi, Watson's Bay, and harbour beaches, this home presents a sophisticated retreat, perfectly positioned for exceptional coastal living.
- 2 bed | 2.5 bath | 1 car | Lift access
- Stunning 2-bed sub-penthouse apartment in The Carlton
- Sweeping ocean views across Diamond Bay Reserve
- Expansive proportions, lovely light-filled living space
- 30sqm (approx.) entertainer's deck, inside/outside flow
- Chef's kitchen feat. Smeg appliances, concealed laundry
- Marble benchtops plus chic custom-built dining table
- Both bedrooms with ensuites, guest powder room
- One bedroom enjoys access to a private leafy terrace
- Security building, undercover parking, lift access, A/C
- Pet-friendly, close to Vaucluse village, coastal walks
- Central to Bondi, Watson's Bay, harbourside, beaches
- Tranquil haven with exceptional entertaining scope"
21,Mount Druitt,House / duplex,House,1218000,14.01272072725198,2026-08-24,4,2,0,0,0,0,0,1,1,6.55250788703459,1,6,0.5,2.0,1,37.7,473,0,0,0,0,1,0,0,523,"SOLD BY MESHEL BAHNAM ! 0478 664 123
4 EDITH STREET, MOUNT DRUITT
Meshel Bahnam of the Ray White United Group is proud to present to the market 4 Edith St, Mount Druitt!
Set in a convenient pocket of Mount Druitt, 4 Edith Street offers a fantastic opportunity for families seeking space, flexibility, and excellent outdoor entertaining, along with the added benefit of a fully enclosed tennis court. With multiple living zones and a practical layout designed to accommodate a growing family, this home combines comfort and functionality in a location close to everything you need.
Inside, you'll find four well-sized bedrooms with built-in robes, a spacious living area, dedicated dining space, and the unique advantage of having kitchens on both the ground and upper levels. Whether you're accommodating extended family, entertaining guests, or simply enjoying the added convenience, this versatile setup provides endless possibilities. A generous rumpus room and sunroom further enhance the home's appeal, offering additional space to relax, work, or entertain.
The outdoor areas are equally impressive, featuring a pergola, patio, and BBQ area that create the perfect setting for family gatherings, weekend barbecues, and year-round entertaining. Completing the package are a secure garage, internal laundry, and storage shed, ensuring there is plenty of room for everyday practicality.
Positioned within walking distance of schools, parks, shops, and public transport, this is a home that delivers both lifestyle and convenience for families looking to establish themselves in one of Mount Druitt's most accessible locations.
WHAT WE LOVE ABOUT THIS PROPERTY:
*Four bedrooms with built-in robes
*Two Well-appointed bathroom
*Secure garage
*Spacious living area
*Separate dining area
*Kitchens on both the ground and upper levels
*Large rumpus room
*Bright sunroom
*Covered pergola
*Outdoor patio
*BBQ area
*Full size Tennis Court (hard surface court on concrete), fully enclosed high fences, entry gates at both ends, with proper drainage and surrounding landscape.
*Internal laundry
*Storage shed
SOME LOCAL AMENITIES:
*Sacred Heart Primary School - Approx. 250m
*Colyton Public School - Approx. 550m
*Rupertswood Park - Approx. 600m
*Mount Druitt Station - Approx. 1.0km
*Bunnings Minchinbury - Approx. 1.2km
*Westfield Mount Druitt - Approx. 1.2km
*Mount Druitt Public School - Approx. 1.5km
*Mount Druitt Hospital - Approx. 2.4km
*Colyton High School - Approx. 2.5km
*RAAF Memorial Park - Approx. 2.7km
*Rooty Hill High School - Approx. 2.8km
*Oxley Park Public School - Approx. 3.1km
*Whalan Public School - Approx. 3.1km
*Rooty Hill Station - Approx. 3.2km
*St Agnes Catholic High School - Approx. 3.9km
*Poplar Park - Approx. 4.4km
*St Marys Station - Approx. 4.6km
*St Marys Village Shopping Centre - Approx. 4.9km
For further information, please contact Meshel Bahnam 0478 664 123
Don't miss out on all new listings advertised first on social media!
@meshelbahnam_realestate
Disclaimer: The above information has been gathered from sources that we believe are reliable. However, we cannot guarantee the accuracy of this information and nor do we accept responsibility for its accuracy. Any interested parties should rely on their own enquiries and judgment to determine the accuracy of this information for their own purposes. Images are for illustrative and design purposes only and do not represent the final product."
22,Mount Druitt,House / duplex,House,1290000,14.070152776337855,2026-08-20,3,1,0,1,1,0,0,1,1,6.920671504248683,0,4,0.3333333333333333,3.0,3,37.7,469,0,0,0,1,0,1,1,421,"SOLD BY LOCAL AGENT ANKIT BOHORA 0450507974
52 PAULL STREET, MOUNT DRUITT
Award winning local agent Ankit Bohora from Laing + Simmons The Abassi Group is excited to present 52 Paull Street, Mount Druitt, a rare north facing opportunity set on an expansive 1,012sqm parcel with endless future potential. Offering a well kept family home with multiple living spaces and an enormous backyard, this is the kind of property that opens the door to renovate, extend, rebuild or explore exciting development opportunities subject to council approval.
From a development perspective, the property offers the potential to construct a duplex, subdivide, or build two separate dwellings (STCA). With its wide 20m frontage and substantial land size, there is also scope to build two sets of duplexes subject to council approval, making this an exceptional opportunity for developers looking to maximise the site's potential. Alternatively, the block also lends itself perfectly to the construction of a large family home with the option of adding a granny flat, ideal for growing or multi-generational families.
Positioned in a convenient pocket of Mount Druitt, the home is moments from local schools, shopping centres, public transport and major arterial roads while still offering a quiet family friendly setting. Large north facing blocks like this are becoming harder to find, making this an exciting opportunity for families, investors and developers looking to secure a substantial piece of land in a high growth location.
Features Include:
+ 20m Frontage approx.
+ Three well sized bedrooms, all fitted with built in wardrobes and ceiling fans
+ Functional kitchen featuring gas cooking, generous bench space and plenty of storage
+ Spacious main living area complete with reverse cycle air conditioning and ceiling fan
+ Separate dining area filled with natural light
+ Large sunroom offering additional living or entertaining space
+ Neat and tidy bathroom with shower, vanity and toilet
+ Internal laundry with second toilet
+ Double tandem drive through garage with plenty of off street parking
+ Expansive backyard with endless potential for families, entertaining or future possibilities subject to council approval
+ Current rental potential of $550 - $570 per week approx.
For further information please contact our friendly staff on 9673 2200.
Disclaimer: We have been furnished with above information, however, Laing + Simmons The Abassi Group gives no guarantees, undertakings or warnings concerning the accuracy, completeness or up-to-date nature of the information provided. All interested parties are responsible for their own independent enquiries in order to determine whether or not this information is in fact accurate."
23,Mount Druitt,"Strata (unit, townhouse, villa)",Unit/Apartment,410000,12.92391243868049,2026-08-20,2,1,0,1,0,0,0,1,0,0.0,0,3,0.5,1.0,2,37.7,469,0,0,0,0,1,1,0,229,"SOLD BY ASHTON HOGAN & ELIE KHOURY
3/8 HYTHE STREET, MOUNT DRUITT
Positioned on the first floor of a well-maintained complex, this immaculate apartment offers a superb blend of comfort, space and convenience within a practical two-bedroom layout. Showcasing a bright open-plan design and a large all-weather balcony, it presents an outstanding opportunity for first-home buyers or investors seeking strong rental returns in a prime location. Enjoying a peaceful yet ultra-convenient setting, the home is move-in ready with nothing further to spend. Its low-maintenance design and quality presentation make it an appealing choice for those seeking easy living close to shops, transport and everyday amenities.
– Two well-proportioned bedrooms, each complete with built-in wardrobes
– Spacious open-plan living and dining zone flowing seamlessly to balcony
– Large kitchen offering ample cupboard storage and generous bench space
– Well-maintained full bathroom with separate bath and shower included
– Carpeted throughout with split-system air conditioning for year-round comfort
– Oversized all-weather balcony, perfect for entertaining or relaxation
– Immaculately presented with nothing further to spend or update throughout
– Ideal first home purchase or low-maintenance investment opportunity available
– Walking distance to Mount Druitt Westfield, TAFE NSW and railway station
**While we have provided the above information, Laing+Simmons makes no guarantees about its accuracy, completeness, or current relevance. All interested parties should conduct their own independent inquiries to verify the information.**"
24,Mount Druitt,"Strata (unit, townhouse, villa)",Unit/Apartment,385000,12.86099861326992,2026-08-19,2,1,0,0,0,0,0,1,0,0.0,0,3,0.5,1.0,1,37.7,468,0,0,0,0,1,0,0,152,"Prime Location | Walk to Schools, Shops & Transport
5/41 MOREHEAD AVENUE, MOUNT DRUITT
Positioned in the heart of Mount Druitt, this well-presented 2 bedroom unit offers convenience, comfort and low-maintenance living, all within close proximity to local schools, shops, public transport and Mount Druitt CBD. Located on the first floor of a secure complex, this property is ideal for those seeking an affordable and practical lifestyle opportunity.
• Two generously sized bedrooms with built-in wardrobes
• Neat and functional kitchen
• Spacious open plan living and dining area
• Sunny private balcony
• Separate internal laundry
• Tiled throughout for easy maintenance
• Single lock-up garage
• Positioned on the first floor
• Located within a secure complex
Location highlights:
• Approx. 350m to Australian Islamic College of Sydney
• Approx. 1.6km to Westfield Mount Druitt
• Approx. 1.8km to Mount Druitt Hospital
• Approx. 2.7km to Mount Druitt railway station"
25,Mount Druitt,"Strata (unit, townhouse, villa)",Townhouse,840000,13.641157170819497,2026-08-18,4,2,0,1,1,0,0,1,0,0.0,0,6,0.5,2.0,3,37.7,467,0,0,0,0,1,1,0,233,"SOLD BY BASEL NAHAS & BLAIR SALIJI
6/1-5 HYTHE STREET, MOUNT DRUITT
Perfectly positioned in one of Mount Druitt's sought-after locations, this refreshed street-facing townhouse delivers the ideal blend of comfort, practicality, and contemporary design. Tailored for families, investors, or professionals, it features freshly painted interiors, quality finishes, and a layout that seamlessly balances functionality with everyday ease. It is conveniently located within walking distance of Mount Druitt Westfield, Mount Druitt Station and vibrant rooftop dining.
- Freshly painted townhouse, with built-in wardrobes filled to all four bedrooms
- Master bedroom complete with private ensuite and street facing balcony
- Separate living and dining that flows to a modern gas kitchen with dishwasher
- Well maintained bathroom separate bath and shower, ideal for first home buyers
- Spacious and child-friendly courtyard, ideal for outdoor gardening and entertaining
- Popular street-facing position providing great accessibility and a welcoming presence
- New blinds throughout, ducted air conditioning, video intercom, internal laundry
- Single lock-up garage with internal access, additional car space in the driveway
- Located close to local schools, parks, just 1km to Mount Druitt Station & Westfield
Council rates: $456 per quarter
Strata rates: $500 per quarter
Water rates: $200 per quarter
**While we have provided the above information, Laing+Simmons makes no guarantees about its accuracy, completeness, or current relevance. All interested parties should conduct their own independent inquiries to verify the information.**"
26,Mount Druitt,House / duplex,House,1000000,13.815510557964274,2026-08-17,4,2,0,1,1,0,0,1,1,6.45833828334479,0,6,0.5,1.0,3,37.7,466,0,0,0,0,1,1,1,220,"SOLD BY BASEL NAHAS & KEVIN HILL
86 PALMERSTON ROAD, MOUNT DRUITT
Positioned on a level 637sqm north-facing block, this beautifully maintained four-bedroom brick veneer home offers the perfect blend of comfort, space and style. Featuring a practical floorplan, modern updates and generous outdoor entertaining, it presents an excellent opportunity for first home buyers or investors. Conveniently located close to local shops, Mount Druitt Station and Westfield, the home delivers an easy-care lifestyle in a highly sought-after whisper quiet location.
- Renovated four-bedroom, two-bathroom brick veneer home with single garage
- North-facing 637sqm block provides an ideal space for entertaining and recreation
- Practical separate living and dining areas, with all bedrooms featuring built-in robes
- Modern chic style kitchen with new steel appliances, dishwasher and breakfast bar
- Features include air conditioning, floorboards, downlights, ceiling fans and storage shed
- Full-width pergola-covered alfresco spills out to the lush and child-friendly backyard
- The main bathroom is immaculate, fully tiled with a separate toilet and practical shower
- Nestled in a prized cul-de-sac, the property is set within walking distance to Old Mt Druitt village and station
** While we have provided the above information, Laing+Simmons makes no guarantees about its accuracy, completeness, or current relevance. All interested parties should conduct their own independent inquiries to verify the information. **"
27,Mount Druitt,House / duplex,House,1700000,14.346138809026444,2026-08-14,6,3,1,1,1,0,1,1,1,6.920671504248683,0,9,0.5,6.0,5,37.7,463,0,0,1,1,1,0,1,249,"Fully Renovated home with Granny Flat on 1,012 SQM Block, Walk to Station, Subdivision Potential (S.T.C.A)
31 CALLAGHER STREET, MOUNT DRUITT
""We fully renovated the home to cater to our large family, with plenty of space for our kids to play and run around, plus a separate granny flat. We made it a home we loved living in, and it's very close to everything you will ever need. The next buyer I know will love it as much as us."" – Owner
- Bedrooms: Four bedrooms, including a luxurious main bedroom with ensuite and walk-in robe, plus a generously sized guest bedroom. Two bedrooms in detached granny flat with built in robes.
- Bathrooms: Two well-appointed bathrooms, ensuring convenience for family and guests. One bathroom in granny flat.
- Kitchen: Renovated main kitchen with an open-plan design, seamlessly flowing into dining and living areas, perfect for entertaining.
- Living and Dining Areas: Three expansive living spaces that promote a harmonious flow, ideal for gatherings and relaxation.
- Outdoor Spaces: Oversized outdoor entertaining area with a sparkling in-ground pool, large backyard, and citrus trees, perfect for outdoor enjoyment.
- Additional Features: Brick construction two-bedroom granny flat, garage converted into a self-contained studio or potential third residence, and large side access to fit up to 10 vehicles. Steel frame built throughout the house. Solar panels installed for energy efficiency.
- Location: Minutes to the Great Western Highway, Mount Druitt train station, and the upcoming Badgerys Creek Airport, offering a convenient lifestyle."
28,Cabramatta,"Strata (unit, townhouse, villa)",Townhouse,668000,13.412043452518782,2026-08-14,2,1,0,1,0,0,0,1,0,0.0,0,3,0.5,1.0,2,25.4,463,0,0,0,0,1,1,0,304,"Stylish & Convenient Townhouse in a Prime Cabramatta Location
21/96-100 LONGFIELD STREET, CABRAMATTA
Perfectly positioned in a well-maintained complex, this inviting two-bedroom townhouse presents an outstanding opportunity for first home buyers, savvy investors, or those seeking a low-maintenance lifestyle. Offering comfort, convenience, and excellent value this home is ideally located within easy reach of local shops, schools, public transport, parks, and the vibrant Cabramatta CBD.
The thoughtfully designed floorplan features two generously sized bedrooms, a neat and functional bathroom a spacious open-plan living and dining area, and a well-appointed kitchen with ample storage. Outside enjoy a private courtyard perfect for relaxing or entertaining while the secure lock-up garage provides added convenience and peace of mind.
Whether you're looking to move straight in or add a quality property to your investment portfolio this townhouse offers the perfect blend of lifestyle and location.
Property Features:
- Spacious open-plan living and dining area designed for comfortable everyday living
- Functional kitchen featuring ample bench space generous cupboard storage and quality appliances
- Two generously sized bedrooms both with plenty of natural light
- Well-appointed bathroom with floor to ceiling tiles
- Additional outside powder room
- Internal laundry with plenty of space
- Split-system air conditioning for year-round comfort
- Tiled flooring downstairs with carpeted bedrooms for added warmth and comfort
- Abundant natural light throughout with a practical and family-friendly floorplan
- Private low-maintenance courtyard ideal for entertaining, outdoor dining or relaxing
- Secure lock-up garage
Location Features:
Longfield Street Bus Stop - 50m
Heather King Park - 400m
Cabramatta Public School - 700m
Cabramatta Station - 800m
Cabravale Leisure Centre - 800m
Cabramatta Plaza - 1.3km
Cabravale Memorial Park - 1.4km
Cabramatta High School - 2.1km
Warwick Farm Station - 2.8km
Fairfield Station - 3.2km
Fairfield Plaza - 3.6km
Call today to organise an inspection!"
29,Mount Druitt,"Strata (unit, townhouse, villa)",Townhouse,840000,13.641157170819497,2026-08-13,4,2,0,1,1,0,0,1,0,0.0,0,6,0.5,2.0,3,37.7,462,0,0,0,0,0,1,0,257,"SOLD BY ASHTON HOGAN & BLAIR SALIJI
1/1-5 MEACHER STREET, MOUNT DRUITT
Offering an exceptional sense of space and privacy rarely found in townhouse living, this oversized double-brick residence delivers a streamlined layout, sun-washed interiors and a remarkable backyard setting. Positioned on 320sqm at the front of a well-maintained complex with low strata fees, the home combines generous interiors with leafy outlooks and effortless functionality, making it an ideal choice for families, first-home buyers or investors.
- Oversized double-brick townhouse positioned at the front of a well-kept complex
- Spacious interiors enhanced by highlight windows, leafy outlooks and natural light
- Four bedrooms, including a master with walk-in, ensuite and wraparound balcony
- Two bedrooms feature built-in wardrobes and two enjoy shared balcony access
- Original butter-hued kitchen with stainless steel gas appliances and a dishwasher
- Main bathroom includes a full bath and shower, downstairs w/c and internal laundry
- Freshly painted interiors with fully tiled downstairs living and a carpeted upper level
- Exceptional private yard offers rare space for entertaining and outdoor enjoyment
- Double garage with internal access provides secure parking and additional storage
- Air-conditioning, move-in-ready opportunity with nothing further to spend or add
- Positioned within 1km from Mount Druitt shops, transport, schools and amenities
Strata approx. $700 per quarter
Council approx. $400 per quarter
Water approx. $170 per quarter
**While we have provided the above information, Laing+Simmons makes no guarantees about its accuracy, completeness, or current relevance. All interested parties should conduct their own independent inquiries to verify the information.**"
30,Cabramatta,"Strata (unit, townhouse, villa)",Unit/Apartment,405000,12.911642346088676,2026-08-13,1,1,0,0,0,0,0,1,0,0.0,0,2,1.0,1.0,1,25.4,462,0,0,0,0,1,1,0,256,"First-Floor Apartment in a Convenient Location
11/88-92 HUGHES STREET, CABRAMATTA
Century 21 Vasco Group proudly presents this well-maintained 1-bedroom apartment, perfectly positioned on the first floor in the heart of Cabramatta. Offering comfort, convenience, and lifestyle appeal, this property is an excellent opportunity for first home buyers, downsizers, or savvy investors alike.
Ideally located within close proximity to Cabramatta Plaza, Cabramatta Train Station, Cabramatta and Canley Heights Public Schools, Warwick Farm Racecourse, local parklands, and the vibrant cafes and restaurants of Canley Heights, this apartment delivers easy living in a highly sought-after location.
Features:
- Spacious 1 bedroom complete with built-in wardrobe
- Combined bathroom and internal laundry
- Light-filled open plan living and dining area flowing onto a private balcony
- Well-maintained kitchen with ample cupboard and storage space
- Secure lock-up garage with additional storage area
- Convenient first-floor position within a well-kept complex
- Close to public transport, shopping centres, schools, dining, and recreational facilities
Don't miss this fantastic opportunity to secure your next home or investment in a thriving and convenient location.
Unit size: 77.3m2 approx. total | 59.5m2 approx. internal
Council rates: $273 approx. per quarter
Water rates: $172 approx. per quarter
Strata rates: $486 approx. per quarter
DISCLAIMER
We have in preparing this information used our best endeavours to ensure that the in-formation contained therein is true and accurate however, accept no responsibility and disclaim all liability in respect of any errors, inaccuracies or misstatements contained herein. Prospective buyers should make their own enquiries to verify the information contained herein."
31,Cabramatta,House / duplex,House,2700000,14.808762330974558,2026-08-12,5,3,0,1,1,0,0,1,1,6.329720905522696,0,8,0.6,4.0,3,25.4,461,0,0,1,0,1,0,1,406,"The Finest Single Level Lifestyle, Unrivalled Luxury & Craftsmanship
20 PHILLIP AVENUE, CABRAMATTA
The Dream of 2166
This brand new, one-of-a-kind single storey residence redefines modern living — setting a benchmark that simply cannot be matched.
From the moment you arrive, the home makes a lasting impression - a sprawling single-level custom-built residence that combines striking architectural elements with refined interiors to create a space that is both sophisticated and welcoming.
Every detail has been meticulously curated, delivering a home that is both breathtaking and functional. From its flawless finishes to its thoughtfully designed spaces, this is a residence that truly stands apart.
Perfectly positioned just moments from Cabramatta CBD, offering ultimate convenience while maintaining a sense of exclusivity and privacy.
The Highlights:
- An outstanding showcase of contemporary luxury and architectural design, this brick veneer home delivers exceptional quality and timeless appeal
- Positioned on a generous 560sqm square block, offering strong street presence and appeal.
- Expansive glass elements invite an abundance of natural light throughout
- Impressive interiors featuring statement lighting, and a sleek open fireplace
- Soaring 3.8m ceilings enhancing space, light, and overall grandeur
- Gourmet kitchen complete with stone benchtops and splashback, premium Smeg appliances, integrated fridge, dishwasher, butler’s pantry, washing machine, dryer, and generous storage
- Includes a professionally installed wall-mounted television & premium ceiling speakers through out
- Double luxurious master retreat featuring a walk-in wardrobe and beautifully appointed ensuite
- Designer bathrooms, finished with high-end fixtures and fittings
- Seamless indoor-outdoor flow to a low-maintenance alfresco area with a fully equipped outdoor kitchen/bbq perfect for entertaining
- Beautifully landscaped with a perfect balance of lush greenery and clean, modern finishes, creating a serene and inviting outdoor setting
- Secure double garage with remote access, additional driveway parking, and automatic gate entry
- Premium inclusions such as keyless entry, smart home integration, sheer curtains
- Comfort assured with ducted, zoned air conditioning, alarm and intercom system
A 1min drive or 10 min walk to Cabramatta Train Station, Cabramatta CBD, local schools & a short distance to all your family's needs
This brand new, one-of-a-kind single storey residence redefines modern living — setting a benchmark that simply cannot be matched
Disclaimer:
J Nguyen Property believes that all information provided/contained herein be true and correct to the best of our ability and in no way misleading. Purchasers however are all advised to carry out their own enquiries and relevant searches."
32,Mount Druitt,House / duplex,House,1000000,13.815510557964274,2026-08-11,4,3,0,0,0,0,0,1,1,7.02197642307216,0,7,0.75,1.0,1,37.7,460,0,0,0,0,1,1,0,475,"SOLD BY MESHEL BAHNAM ! 0478 664 123
20A DERWENT STREET, MOUNT DRUITT
Meshel Bahnam of the Ray White United Group is proud to present to the market 20A Derwent Street, Mount Druitt !
If you've been searching for a home that offers room for the whole family without compromising on convenience, 20A Derwent Street, Mount Druitt is one you won't want to miss. Beautifully presented and thoughtfully designed, this spacious residence delivers the flexibility and functionality that modern families are looking for.
From the moment you step inside, you'll appreciate the generous proportions and light-filled interiors. The open-plan living and dining areas create a welcoming atmosphere, while the kitchen is perfectly positioned to keep you connected with family and guests. With four well-sized bedrooms, each featuring built-in robes, there's plenty of space for everyone, while the master bedroom enjoys the added privacy of its own ensuite.
Outside, the patio offers a great place to enjoy your morning coffee, host weekend barbecues, or simply unwind after a long day. Automatic remote-controlled garage, handy shed, internal laundry, and low-maintenance yard complete a home that's designed for easy everyday living.
Whether you're upsizing, accommodating extended family, or looking for a quality investment, this home offers the space, comfort, and location to suit a wide range of buyers. Move in and enjoy everything this fantastic Mount Druitt address has to offer.
WHAT WE LOVE ABOUT THIS PROPERTY:
*4 spacious bedrooms with built-in robes, including a master with ensuite
*3 well-appointed bathrooms
*Light-filled living and dining areas
*Well-equipped kitchen with ample storage
*Internal laundry
*Patio for year-round entertaining
*Welcoming front porch
*Automatic remote-controlled garage
*Backyard shed for extra storage
*Double-storey home with ground and first-floor living
SOME LOCAL AMENITIES:
*Mount Druitt Public School - Approx. 650m
*RAAF Memorial Park - Approx. 750m
*Westfield Mt Druitt - Approx. 1.0km
*Whalan Public School - Approx. 1.3km
*William Mason Reserve - Approx. 1.3km
*Mount Druitt Station - Approx. 1.4km
*Madang Avenue Public School - Approx. 1.5km
*St Bishoy Coptic Orthodox College - Approx. 1.7km
*Mount Druitt Hospital - Approx. 2.0km
*Dawson Public School - Approx. 2.2km
*Australian Islamic College - Approx. 2.2km
*Chifley College Mount Druitt - Approx. 2.3km
*Colyton Public School - Approx. 2.4km
*Emerton Village - Approx. 2.5km
*Bunnings Minchinbury - Approx. 2.6km
*Whalan Reserve - Approx. 2.7km
For further information, please contact Meshel Bahnam 0478 664 123
Don't miss out on all new listings advertised first on social media!
@meshelbahnam_realestate
Disclaimer: The above information has been gathered from sources that we believe are reliable. However, we cannot guarantee the accuracy of this information and nor do we accept responsibility for its accuracy. Any interested parties should rely on their own enquiries and judgment to determine the accuracy of this information for their own purposes. Images are for illustrative and design purposes only and do not represent the final product."
33,Mount Druitt,"Strata (unit, townhouse, villa)",Unit/Apartment,520000,13.16158409055761,2026-08-11,2,2,0,1,1,0,0,1,0,0.0,0,4,1.0,1.0,3,37.7,460,0,0,0,0,1,1,0,248,"Immaculate two storey apartment in a prime walk-to-everything location
32/1-5 DURHAM STREET, MOUNT DRUITT
Designed with a focus on breezy in/outdoor living, this double-brick apartment spans two levels and offers an open lounge and dining area, a stylish kitchen adorned with stone finishes, and two exclusive balconies. It is nestled within a well-established garden complex and creates an advantageous investment or first-home opportunity. The 147sqm apartment is a short 650 metre walk from Mt Druitt Station, Westfield, bistros and entertainment.
- Streamlined, freshly painted interiors provide a generous lounge and dining space
- Two double bedrooms with floorboard flooring and direct balcony access
- The master bedroom includes a walk-in wardrobe and a spacious ensuite
- Living area has extensive glass doors lengthen out to a wide leafy balcony
- Immaculate gas kitchen with breakfast bar, new appliances and dishwasher
- Three air-conditioners, internal laundry includes an additional guest toilet
- Ideal for first home buyers looking to move straight in, nothing to spend
- Fantastic investment opportunity, potential to earn up to $600 per week
- Single secure car space, double-brick walls, popular and dual-level design
- Short walk to an array of local shops, schools, parklands, and transport
Strata Rates: $973 per quarter
Council Rates: $452 per quarter
Water Rates: $200 per quarter
** While we have provided the above information, Laing+Simmons makes no guarantees about its accuracy, completeness, or current relevance. All interested parties should conduct their own independent inquiries to verify the information. **"
34,Cabramatta,House / duplex,House,3200000,14.978661367769956,2026-08-08,5,4,0,1,1,0,0,1,1,6.322565239927284,0,9,0.8,4.0,3,25.4,457,0,0,1,0,1,0,1,367,"Brand New - A Statement of Luxury, Space & Sophistication
3 GRACE AVENUE, CABRAMATTA
A breathtaking fusion of visionary design, uncompromising craftsmanship and refined luxury, this brand-new architectural masterpiece delivers an unrivalled family lifestyle. Masterfully crafted over two spectacular levels, the residence showcases grand proportions, soaring light-filled interiors and an effortless flow between multiple living and dining spaces, seamlessly extending to resort-inspired outdoor entertaining.
Positioned on a generous elevated 556sqm parcel, this exceptional residence enjoys a peaceful yet highly convenient setting, just moments from Cabramatta High School, Cabramatta CBD, Train Station, and a comprehensive range of local amenities.
Every detail has been meticulously considered to create a home of timeless sophistication, where premium finishes, premium inclusions, and exceptional functionality combine to deliver one of the area's finest luxury residences.
Property Highlights
-Brand-new architectural masterpiece showcasing exceptional luxury, scale and craftsmanship.
-Expansive open-plan living and dining areas enhanced by extensive glazing, flooding the home with natural light.
-Striking interiors featuring a double-height statement wall with LED inlays, and exquisite designer chandeliers.
-High ceilings throughout, complemented by a spectacular double-height void adjoining the upstairs family retreat.
-Showpiece gourmet kitchen appointed with premium appliances, striking stone benchtops and splashback, integrated dishwasher, generous butler's pantry and abundant custom cabinetry.
-Palatial master retreat complete with a private balcony, walk-in wardrobe and luxurious designer ensuite.
-In addition to the luxurious master retreat, the upper level features three further oversized bedrooms, including a second bedroom with its own private ensuite, while a guest bedroom downstairs also enjoys a private ensuite.
-Designer bathrooms on both levels finished with premium fixtures and elegant appointments.
-Expansive covered alfresco entertaining area featuring a fully equipped outdoor kitchen, dedicated seating area, and a generous grassed backyard, creating the perfect setting for year-round family living and entertaining.
-Remote double lock-up garage with additional driveway parking and automatic security gate.
-Keyless entry, smart home automation and automatic sheer curtains.
-Ducted zoned air conditioning, alarm system and intercom for year-round comfort and security.
Disclaimer:
J Nguyen Property believes that all information provided/contained herein be true and correct to the best of our ability and in no way misleading. Purchasers however are all advised to carry out their own enquiries and relevant searches."
35,Vaucluse,House / duplex,House,6450000,15.679590688771956,2026-09-24,11,5,0,0,1,0,0,1,1,6.547889535567087,0,16,0.45454545454545453,2.0,2,6.5,504,1,1,1,1,0,0,1,168,"Another Block Sold by the Apartment Block Specialists
An incredible opportunity to acquire the entire building, this boutique full brick character block delivers four spacious apartments offering immense scope for duplexes, a brand new luxury residence, refurbishment or for multi-generational family lifestyles (STCA). The current layout comprises charming apartments with semi-like proportions, original period features and access to the communal garden. Set over a 696.77 sqm block with a wide 15.24 metre frontage, it's an easy walk to Vaucluse village shops, cafes, eateries and city transport.
• 9-11 bedrooms, 5 bathrooms
• Set in heart of Vaucluse, quiet tree lined street
• 3x 2 bedroom apartments, 1 x 3 bedrooms
• All with spacious living and sunrooms
• Three bedroom apartment with stylish updates
• Gas kitchens, generous bedrooms, homely ambiance
• Classic appeal, high ceilings, ocean glimpses
• Currently returning $201,084pa with potential to increase
• Close to leading schools and coastal parklands
Ray White Double Bay - Exceptional Living Begins Here
Our recommended loan broker https://broker.loanmarket.com.au/DOUBLE-BAY"
36,Vaucluse,House / duplex,House,7950000,15.888682486630515,2026-09-03,5,3,0,0,0,0,0,1,1,6.472346294500901,0,8,0.6,1.0,1,6.5,483,0,1,0,0,0,0,0,183,"A rare harbourside sanctuary on Parsley Bay
Offered for the first time in almost 50 years, this much-loved family home presents an extremely rare opportunity to secure a truly unique harbourside lifestyle in one of Vaucluse's most sought-after pockets. Privately secluded with direct access into Parsley Bay Reserve, it offers a wonderful connection to nature while remaining conveniently close to a range of schools, amenities and transport options.
- A back gate opening onto parkland that leads down to the park & beach
- Embraced by nature with lovely leafy outlooks in all directions
- A versatile two-storey layout and living spaces on both levels
- Light-filled interiors feature excellent crossflow ventilation
- Spacious entertainment areas and ultra-private grassed garden
- 5 bedrooms, 3 bathrooms plus a well-equipped kitchen
- A separate lower-level retreat is ideal for teenagers or guests
- Immaculately presented with plenty of scope to make your own
- Secluded back from the road in a private and quiet environment
- Walk to harbour foreshore, historic laneways and walking tracks
Land Size 646m2 approx.
Council Rates: $752pq
Water Rates: $202pq"
37,Vaucluse,House / duplex,House,16000000,16.588099280204055,2026-08-05,5,4,0,0,1,1,0,1,1,6.654152520183219,0,9,0.8,2.0,3,6.5,454,0,1,0,0,0,0,1,129,"An Exceptional Vaucluse Residence with Sweeping Harbour Views
Panoramic views of Sydney Harbour, the Opera House, Harbour Bridge and City skyline create a magical outlook for this glamorous, spacious five-bedroom family home. Tightly held by the same family for 27 years and meticulously maintained and updated, the residence is move-in ready.
Features:
-5 generous bedrooms - all on the same floor
-4 updated bathrooms, in stone and marble
-Sundrenched living areas, full-sized dining room
-Enormous family-sized kitchen with butler's pantry incl laundry facilities
-Established gardens
-Additional outdoor laundry room, storage or shed
-Double lock-up garage with EV charger
-Battery and solar panels
-DA for swimming pool and elevator
Complete with a double lock-up garage, the home is ideally positioned close to excellent schools, village shops, coastal walks and transport."
38,Cabramatta,"Strata (unit, townhouse, villa)",Unit/Apartment,515000,13.151922179645874,2026-07-20,2,1,0,1,0,0,0,0,0,0.0,0,3,0.5,1.0,1,25.4,438,0,0,0,0,1,1,0,337,"Convenient, Low-Maintenance Living in a Prime Cabramatta Location
Professionals Cabramatta proudly presents this well-positioned Level 1 unit, offering a practical layout, low-maintenance lifestyle, and outstanding convenience just moments from the heart of Cabramatta.
Set within a quiet complex of only 8 units, this property is ideal for first home buyers, downsizers, or investors seeking a solid opportunity in a high-demand location. With individual title ownership, it provides both security and long-term value.
The home features two well-proportioned bedrooms, including a master with walk-in robe and air conditioning for added comfort. The living and dining area is designed for easy everyday living, complemented by a functional kitchen and natural light throughout.
Positioned on the first floor, the unit offers a sense of privacy while maintaining accessibility. A single carport adds convenience, while the low-maintenance nature of the property makes it perfect for those with a busy lifestyle or those looking for a straightforward investment.
Located just 600 metres to Cabramatta Station, and within close proximity to local shops, schools, and amenities, this property delivers a lifestyle of ease and connectivity.
Key Features:
2 bedrooms | 1 bathroom | 1 carport
Master with walk-in robe & air conditioning
Level 1 position in a small complex of 8 units
Individual title ownership
Low-maintenance living
Approx. 600m to Cabramatta Station
Close to primary schools & Canley Vale High School
Strata Fee: Approximate $400/quarter
An excellent opportunity to secure a well-located property with strong rental and growth potential.
Don't miss this fantastic opportunity to secure a versatile and well-located home!
For inspections or more information, contact David Lam 0425 102 409 or Victor LY at 0452 386 789 !!!
Disclaim: Please be aware that all enquiries require a contact number and email address. Enquiries that do not have this information will not receive a response.
All information contained therein is gathered from relevant third party sources. We cannot guarantee or give any warranty about the information provided. Interested parties must rely solely on their own enquiries. Virtual furniture may have been used."
39,Mount Druitt,House / duplex,House,1105000,13.91535589293399,2026-07-23,5,2,0,1,0,0,0,1,1,6.55250788703459,1,7,0.4,2.0,2,37.7,441,1,0,0,1,1,1,0,462,"DUAL INCOME PROPERTY | PERFECT LOCATION | STRONG RENTAL YIELD
Jayden Kiet and the team at Ray White United Group proudly present this exceptional dual-occupancy opportunity at 2 & 2A Ophir Grove, Mount Druitt. Positioned on a generous parcel of land, this property offers a spacious three-bedroom home alongside a well-designed two-bedroom granny flat - perfect for investors seeking strong returns or families looking for flexible living arrangements.
Thoughtfully designed for comfort and practicality, both dwellings provide functional layouts, private outdoor spaces, and excellent separation - making this a smart, income-generating asset or multi-generational living solution.
Main Residence Features:
- Three well-proportioned bedrooms, all with built-in wardrobes
- Bright and spacious living area, ideal for everyday living
- Separate dining space flowing from the kitchen
- Additional family/rumpus room offering flexibility for entertaining or relaxation
- Neat and modern kitchen with ample storage
- Central bathroom plus laundry with additional toilet
- Covered porch and large outdoor patio area
- Split system air conditioning for year-round comfort
- Single lock-up garage with driveway access
- Detached shed providing extra storage
- Solar Panels for energy savings
Granny Flat Features:
- Two comfortable well-sized bedrooms, both with built-in wardrobes
- Open-plan living and dining area filled with natural light
- Combined bathroom and laundry for convenience
- Split system air conditioning for year-round comfort
- Privately positioned with its own access
Investment Snapshot:
- Main house currently returning approx. $600 per week
- Granny flat currently returning approx. $480 per week
- Dual income potential with separate dwellings, totalling over $1080 weekly return
Location Highlights:
- Approx. 1.6km to Mount Druitt Train Station, offering direct access to Sydney CBD via the Western Line
- Close to Mount Druitt Town Centre & Mount Druitt Central
- Easy access to multiple bus routes connecting surrounding suburbs and key amenities
- Aproxx. 2.9km to Mount Druitt Hospital
- Short drive to Westfield Mount Druitt
- Surrounded by local schools including Colyton Public School and Chifley College campuses
- Convenient access to the M4 Motorway for seamless commuting across Western Sydney
- Close proximity to parks, reserves, and family-friendly recreational spaces
Offering versatility, space, and strong rental appeal, this is a rare opportunity to secure a dual-income property in a convenient and growing location.
Contact Jayden Kiet on 0413 168 999 to arrange your inspection today.
Disclaimer: The above information has been gathered from sources that we believe are reliable. However, we cannot guarantee the accuracy of this information and nor do we accept responsibility for its accuracy. Any interested parties should rely on their own enquiries and judgment to determine the accuracy of this information for their own purposes. Images are for illustrative and design purposes only and do not represent the final product or finishes."
40,Mount Druitt,"Strata (unit, townhouse, villa)",Townhouse,725000,13.493926933836812,2026-07-23,3,1,0,1,0,0,0,1,0,0.0,0,4,0.3333333333333333,2.0,2,37.7,441,0,0,0,0,1,1,0,230,"Light-filled family home enjoys low strata fees and a convenient address
Beautifully maintained and designed for effortless everyday living, this spacious townhouse offers a practical layout, quality finishes and a superb low-maintenance lifestyle opportunity. Bathed in natural light and complemented by generous outdoor entertaining, it presents an ideal option for first-home buyers, young families or investors seeking convenience at a central Mount Druitt address.
- Light-filled interiors enhanced by split-system air-conditioning and easy outdoor flow
- Covered pergola terrace offers a private all-season setting for relaxed entertaining
- Well-maintained kitchen features gas appliances, ample storage and bench space
- Three generous bedrooms fitted with built-in robes, master with bathroom access
- Main bathroom complemented by an internal laundry with an additional guest w/c
- Polished timbers, wide windows and chic interiors create a welcoming atmosphere
- Single lock-up garage with internal access for added convenience and security
- Readymade residence offering exceptional comfort with nothing further to spend
- Established complex with low strata levies, an attractive investment or first-home
- Positioned just 1.2km to Mount Druitt Station, Westfield, schools and entertainment
Council rates: $456 per quarter
Strata rates: $510 per quarter
Water rates: $200 per quarter
* While we have provided the above information, Laing+Simmons makes no guarantees about its accuracy, completeness, or current relevance. All interested parties should conduct their own independent inquiries to verify the information.. **"
41,Cabramatta,"Strata (unit, townhouse, villa)",Unit/Apartment,408000,12.9190224533863,2026-07-27,1,1,0,0,0,0,0,1,0,0.0,0,2,1.0,1.0,1,25.4,445,0,0,0,0,1,1,0,238,"First Floor, 1 Bedroom Apartment ! ! !
1/34 MCBURNEY ROAD,, CABRAMATTA
This is a fantastic opportunity for first-home buyers or savvy investors to secure this handy, centrally located apartment.
Situated on the 1st floor, well-maintained, and comfortable.
Located just minutes away from Cabramatta CBD, Restaurants, Coffee Shops, Schools, and a Cabramatta Train Station.
Property Features:
• One Good-Sized Bedroom.
• Spacious Lounge with Balcony.
• Large Kitchen & Dining Area.
• Bathroom with a separate toilet.
• Internal Laundry.
• Tiled Floors Throughout / Intercom.
• Internal access to Lock Up Garage convenience.
• Security Gates for peace of mind.
• Situated in a convenient location.
• Please call Jimmy on 0412 433 590 for an Inspection.
• Area
- Internal Area: 69sqm
- Lock Up Garage: 17sqm
- Total: 86sqm
• Rates per quarter.
- Council: $606.
- Water: $202.
- Strata: $606.
• (Agent Declares Interest).
Disclaimer: The above-mentioned information has been furnished to us by the vendor and/or third parties. We have not verified whether or not that information is accurate, and do not have any belief one way or the other in its accuracy. We do not accept any responsibility to any person for its accuracy and do no more than pass it on.
All interested parties should make and rely upon their own inquiries in order to determine whether or not this information is, in fact, accurate.
• The Agent Declares Interest."
42,Cabramatta,House / duplex,House,3500000,15.068273526459642,2026-06-27,6,5,0,0,0,0,0,0,1,7.10085190894405,0,11,0.8333333333333334,6.0,0,25.4,415,0,0,1,0,1,1,0,315,"A Landmark Luxury Residence of Palatial Scale in the Heart of Cabramatta
81 CUMBERLAND STREET, CABRAMATTA
Commanding attention from the moment you arrive, this grand luxury residence delivers a rare combination of palatial proportions, uncompromising craftsmanship and enduring full double brick and concrete construction — all set on an expansive parcel of over 1,200m².
Designed for buyers who demand space, prestige and permanence, the home showcases an impressive sense of scale throughout, with grand living domains, refined architectural detail and a level of construction rarely found in modern residences. Every element speaks to quality, from its solid foundations to its carefully considered finishes, creating a home built not only for today’s luxury lifestyle but for generations to come.
Positioned only a short distance from Cabramatta CBD and train station, this exceptional property offers the perfect balance of privacy, convenience and status. Enjoy effortless access to shopping, dining, transport and essential amenities while retreating to a residence that feels worlds apart in size, presence and distinction.
Set on substantial land, the property also presents outstanding potential for those seeking a prestigious family estate, multi-generational living or a blue-chip holding in one of the area’s most connected locations.
Property highlights:
- Grand luxury home with commanding street presence
- Palatial proportions and expansive living spaces
- Unrivalled craftsmanship and enduring quality
- Full double brick and concrete construction
- Set on over 1,200m² of premium land
- Moments to Cabramatta CBD, train station, shops and dining
- Ideal for luxury buyers, large families and prestige investors
A residence of this calibre is seldom offered — grand in scale, solid in construction and superbly positioned for lifestyle and legacy.
Disclaimer:
J Nguyen Property believes that all information provided/contained herein be true and correct to the best of our ability and in no way misleading. Purchasers however are all advised to carry out their own enquiries and relevant searches."
43,Vaucluse,House / duplex,House,9500000,16.06680235657077,2026-06-26,5,3,0,1,1,0,1,1,1,7.0326242610280065,0,8,0.6,2.0,4,6.5,414,0,1,1,1,0,0,1,234,"A rare opportunity to secure a substantial family home with exceptional lifestyle appeal & significant future potential in a coveted Vaucluse address
21 TOWNS ROAD, VAUCLUSE
Grand Family Estate occupying an impressive 1,132sqm parcel of beautifully established, park-like grounds, this distinguished five-bedroom family residence presents a rare combination of character, scale and privacy in one of Vaucluse's most peaceful settings.
Offering a substantial two-storey layout with immediate comfort and exceptional future potential, the home is just moments from village shops, harbour foreshore walks and the dramatic coastal cliffside trails.
• Expansive level landholding of 1,132sqm with dual occupancy potential (STCA)
• Comfortable as is, with outstanding scope to renovate, recreate or capitalise
• Elegant formal lounge and dining rooms flow to generous family living spaces
• Light-filled interiors enjoy a prized north-to-rear aspect and garden outlooks
• Stone-appointed kitchen featuring a Rosieres Paul Bocuse gas cooker
• Sun-washed alfresco entertaining area overlooking vast landscaped gardens
• Generously proportioned bedrooms, most with built-in or walk-in wardrobes
• Dedicated home office/study and multiple bathrooms, including a renovated upper-level bathroom
• Air conditioning, underfloor heating and soaring ornate ceilings throughout
• Tandem lock-up garage with drive-through access and secure gated entry
Outgoings:
Council Rates: $1,169.45 p/q approx.
Water Rates: $201.90 p/q approx.
Inspection: Saturday & Wednesday 12:00pm-12:45pm
site Auction: Saturday, 4th July 2026 at 12:00pm
Craig Pontey 0419 40 40 40
Violet Farebrother 0407 66 99 70"
44,Cabramatta,"Strata (unit, townhouse, villa)",Unit/Apartment,470000,13.060487973686241,2026-06-09,2,1,0,1,1,0,0,1,0,0.0,0,3,0.5,1.0,3,25.4,397,0,0,0,0,1,1,1,249,"Spacious, Fully Renovated & Low Strata – Walk to Station & CBD
10/118 CABRAMATTA ROAD, CABRAMATTA
Positioned in one of Cabramatta’s most convenient and high-demand pockets, this well-maintained top-floor apartment delivers an exceptional opportunity for first home buyers and investors alike.
Offering a practical layout and low-maintenance lifestyle, the home features two well-sized bedrooms, a bright open-plan living and dining area, and a functional kitchen. The property is neat, comfortable, and ready to move straight in or lease out immediately.
Set on the top floor of a solid and established complex, it enjoys added privacy with no neighbours above, enhancing both comfort and appeal.
🏡 Key Features:
- Total size 101m2 on title
- Two good-sized bedrooms
- Bright open-plan living and dining area
- Modern gourmet kitchen with lots of bench & storage space
- Renovated bathroom
- Internal laundry with 2nd toilet
- Extra-large 1.5 size lock-up garage
- Low strata $302 per quarter
📍 Location Highlights:
- Short walk to Cabramatta Train Station & shops
- Close to local schools and parks
💡 Why You’ll Love It:
A low-maintenance property in a blue-chip convenience location, this apartment is ideal for strong rental demand and long-term capital growth. Opportunities in this position are tightly held and rarely last long.
Disclaimer:
J Nguyen Property believes that all information provided herein is true and correct to the best of our ability and is in no way misleading. Purchasers are advised to carry out their own enquiries and relevant searches."
45,Vaucluse,"Strata (unit, townhouse, villa)",Unit/Apartment,950000,13.764217263576723,2026-05-13,2,1,0,0,0,0,0,0,0,0.0,0,3,0.5,1.0,0,6.5,370,0,1,0,0,0,1,0,245,"Coastal Living at Its Finest
1/24 DIAMOND BAY ROAD, VAUCLUSE
Perfectly positioned in a tightly held enclave, this well-presented apartment offers an outstanding opportunity for first home buyers, investors, or downsizers to secure a foothold in Vaucluse. Combining comfort, convenience, and lifestyle appeal, it delivers easy living just moments from Diamond Bay Reserve and spectacular coastal walks.
Experience the ultimate in coastal charm. This beautifully appointed property offers an enviable lifestyle of tranquility and sophistication in one of Sydney's most sought-after seaside locations.
Property Highlights:
- Light-Filled Interiors – Spacious living areas with quality finishes throughout
- Modern Kitchen – Well-equipped for both entertaining and everyday living
- Comfortable Bedrooms – Generous accommodation with built-in wardrobes
- Stylish Bathroom – Contemporary design with quality fixtures
- Secure Parking – Large space with open storage
- Prime Coastal Location – Moments to parks, cafés, and scenic walking trails
Whether you're seeking a relaxed coastal retreat, a smart investment, or a premium lifestyle opportunity, this property ticks all the boxes.
Don't miss your chance to secure a slice of Vaucluse living.
Disclaimer: the information provided is for general informational purposes only and is not intended as legal, financial, or real estate advice. While every effort is made to ensure the accuracy of the information, we make no guarantees regarding its completeness or accuracy. Prospective parties are encouraged to conduct their own independent investigations. We are not responsible for any liabilities that arise from use of information provided."
46,Vaucluse,"Strata (unit, townhouse, villa)",Unit/Apartment,1580000,14.27293540500315,2026-04-30,2,1,0,0,0,1,1,1,0,0.0,0,3,0.5,1.0,3,6.5,357,0,1,0,1,0,0,0,279,"Uninterrupted Ocean Panorama From Top Floor Haven, Level Lift Access
6B/5-7 GIRILANG AVENUE, VAUCLUSE
With breathtaking ocean views from every room and a serene coastal ambience, this sun-washed apartment offers a rare chance in one of Vaucluse's most sought-after enclaves. Occupying a prized top-floor position in ""Girilang"", generous open-plan living and dining flows to a balcony capturing an uninterrupted 180-degree vista spanning Manly and North Head, across Diamond Bay and down to Bondi. Light-filled interiors are complemented by excellent proportions, with two bedrooms both featuring built-in robes, a spacious bathroom with concealed laundry, and a separate study providing ideal work-from-home flexibility.
The elevated setting and wrap of windows ensure constant natural light, sea breezes, and a sense of calm throughout. Set amid well-kept landscaped grounds, Girilang is an easy stroll to Vaucluse village cafés and shops, with pristine harbour parklands, coastal walks and beaches just minutes away. Complete with level lift access and allocated parking, and ready to enjoy immediately whilst also offering scope to update to taste (STCA), this is a superb opportunity to secure a tranquil haven in a blue-chip harbourside location.
- Sun-drenched top floor 2-bed w/ parking
- Uninterrupted 180-degree ocean views
- Level lift access, well-kept security building
- Open plan living and dining, timber floors
- Alfresco balcony enjoys ocean panorama
- Generous electric kitchen with dishwasher
- Stone counters and breakfast bar seating
- 2 light-filled bedrooms with built-in robes
- Spacious bathroom w/ shower over bath
- Study offers easy flexibility, internal laundry
- Well-maintained building, lovely grounds
- Stroll to Vaucluse village shops and cafes
- Mins to harbour parklands and beaches
- Enjoy as-is, with scope to update (STCA)"
47,Cabramatta,"Strata (unit, townhouse, villa)",Unit/Apartment,474000,13.068962600677214,2026-04-29,2,1,0,0,1,0,0,1,0,0.0,0,3,0.5,1.0,2,25.4,356,0,0,0,0,0,1,1,168,"WALK TO CABRAMATTA
24/84-86 HUGHES STREET, CABRAMATTA
Positioned in a prime location just moments from the vibrant hub of Cabramatta, this well-maintained unit offers the perfect blend of comfort, convenience, and lifestyle. Whether you're a first-home buyer, savvy investor, or looking to downsize, this is an opportunity not to be missed.
Step inside to discover a light-filled interior complemented by a practical open-plan layout, designed for easy everyday living. With everything you need right at your doorstep-including shops, cafés, schools, and public transport-this property delivers both lifestyle appeal and long-term value.
Property Highlights:
+ Two generously sized bedrooms
+ Spacious lounge with balcony access
+ Tiled floorings throughout
+ Updated kitchen with stone benchtop
+ Currently leased out to a good tenant and looking to stay on
+ Secure undercover car space for added convenience
+ Enjoy the ultimate in walk-to-everywhere convenience in one of Southwest Sydney's
+ Strata levy: $414.00 approx. per quarter
+ Council rates: $285.00 approx. per quarter
+ Water rates: $200.00 approx. per quarter"
48,Vaucluse,House / duplex,House,6860000,15.741217999702068,2026-04-07,7,5,1,1,0,1,1,1,1,6.2766434893416445,0,12,0.7142857142857143,2.0,5,6.5,334,0,1,1,0,0,0,0,247,"Corner Block in Blue-Chip Coastal Position Offering Panoramic Views and Huge Potential
29 MACDONALD STREET, VAUCLUSE
Framed by uninterrupted ocean panoramas and bathed in all-day sunshine, this freestanding coastal residence commands a prized north-east facing corner position directly opposite Diamond Bay Reserve. Set on a generous 531sqm parcel, the home is designed to embrace its spectacular clifftop setting, unfolding across expansive interiors with multiple living and entertaining zones, each oriented to capture the sweeping eastern coastline and refreshing sea breezes.
Perfectly configured for large or multi-generational families, the flexible six-bedroom layout offers exceptional space, privacy and versatility, complemented by a north-facing pool and spa, level lawn and internal access to a double lock-up garage. Just moments to Vaucluse village cafés, coastal walks and parklands, this is a home of scale, landholding and lifestyle in one of the suburb's most exclusive pockets.
- Sun-washed interiors with ocean-view formal living and dining zones
- Multiple entertaining terraces with breathtaking, never-to-be-built-out views
- Designer Caesarstone island kitchen with premium European gas appliances
- Expansive family living opening to a sunlit 10m pool and spa
- Six generous bedrooms with built-ins, five bathrooms, three ensuites
- Private master retreat with adjoining study and luxurious spa ensuite
- Lower-level casual living flowing to a level grassed garden
- Flexible floorplan ideal for teen retreat or au pair accommodation
- Self-contained studio with private access, ideal for guests or home office
- Double automatic garage, polished timber floors, alarm and ducted reverse-cycle air-conditioning"
49,Vaucluse,"Strata (unit, townhouse, villa)",Unit/Apartment,1250000,14.038654109278484,2026-03-16,2,1,0,0,1,0,0,1,0,0.0,0,3,0.5,1.0,2,6.5,312,0,1,0,0,0,1,1,178,"STYLISH TOP-FLOOR RETREAT, 200 MTRS FROM OCEAN
12/16 DIAMOND BAY ROAD, VAUCLUSE
Sunny and spacious, this top‑floor apartment offers generous open‑plan living that flows effortlessly to a sun‑splashed balcony that is perfect for relaxing or entertaining.
Beautifully renovated, the as‑new kitchen features abundant storage and sleek Caesarstone benchtops, complementing the immaculate presentation throughout. Set within a well‑maintained security complex, the apartment enjoys a quiet rear position with convenient parking.
Just moments from the iconic coastal clifftop walk, this home presents an ideal entry point into sought‑after Vaucluse. Light-filled and inviting, it includes two double bedrooms, an internal laundry, and a bright open‑plan layout designed for modern living.
With nothing to spend, this is an exceptional opportunity for first‑home buyers or astute investors seeking a quality property in a premium location.
Strata: $1,356 pq
Water: $199.68 pq
Council: $358.55 pq
Disclaimer:
All information contained herein is gathered from sources we believe to be reliable. However, we cannot guarantee its accuracy and interested parties should rely on their own enquiries. Images, descriptions and details are provided for marketing purposes only."
50,Vaucluse,"Strata (unit, townhouse, villa)",Townhouse,1800000,14.403297222866392,2026-04-17,3,1,0,1,0,0,0,1,0,0.0,0,4,0.3333333333333333,2.0,2,6.5,344,0,1,0,0,0,0,0,280,"Private Contemporary Townhouse, Footsteps to Cafés and Parks
8/765 OLD SOUTH HEAD ROAD, VAUCLUSE
Tucked away to the peaceful rear of a boutique complex and surrounded by parkland, this contemporary townhouse offers a private coastal retreat just moments from Vaucluse village. Bathed in natural light and set across three beautifully designed levels, the home is defined by its sense of seclusion, space, and effortless indoor-outdoor living.
The expansive whole-floor living and dining zone flows seamlessly to a sun-drenched courtyard, creating a tranquil setting for relaxed entertaining. Sleek, streamlined interiors are complemented by polished timber floors and a modern gas kitchen with integrated European appliances.
Accommodation is thoughtfully arranged, with three generous bedrooms featuring built-in wardrobes, including a top-floor retreat with its own balcony. Additional highlights include a mosaic-tiled bathroom with bathtub, powder room, internal laundry, plantation shutters, and abundant storage, including a substantial storeroom.
Offering direct access to secure tandem parking within a tightly held complex of just nine residences, the home is footsteps to coastal cafés and within easy walking distance of boutique harbour beaches, scenic coastal walks to Bondi, and transport options to the city.
• 3 Bed | 1.5 Bath | 2 Car
• Private rear position within a secure complex of 9 residences
• Three double bedrooms with built-in wardrobes
• Top-floor retreat with private balcony
• Open-plan living and dining opening to courtyard
• Streamlined stainless steel gas kitchen with integrated European appliances
• Polished timber floors, reverse-cycle air conditioning
• Mosaic-tiled bathroom with bath, plus powder room
• Internal laundry, plantation shutters, wine cellar/storeroom
• Secure undercover tandem parking plus visitor parking
• Easy access to city buses, minutes to Watsons Bay and ferry"
51,Vaucluse,"Strata (unit, townhouse, villa)",Unit/Apartment,1935000,14.475617884446018,2026-04-25,2,1,0,0,0,1,0,0,0,0.0,0,3,0.5,1.0,1,6.5,352,0,1,0,0,0,0,0,184,"Ocean-view apartment / hotel-like comfort / secure parking
57/33 KIMBERLEY STREET, VAUCLUSE
Full-width windows deliver showstopping ocean and cliff views and abundant light throughout this apartment, a home of hotel-like comfort with secure parking on title. Perched high above Diamond Bay Reserve, the uninterrupted vistas create a remarkable sense of privacy, matched by the easy-care floorplan and breezy white interiors. At your door are stairs leading directly to the Diamond Bay Cliff Walk, or stroll to nearby village shops, cafés, beaches, elite schools and transport. A prestigious peninsula address in easy reach of exclusive Eastern Suburbs pockets, delivering a unique lifestyle along with spectacular whale watching during the migration season.
Highlights
* Ocean-front building with cliffside pool
* Secure entry, valuable parking on title
* Uninterrupted ocean, bay & cliff views
* Diamond Bay Reserve cliff walk at door
* Spacious and versatile open floorplan
* Wall-to-wall windows, floorboards & tiles
* Separate tidy kitchen with breakfast bar
* Opportunity to add your touches/updates
* Dual-access master bed with built-in robes
* Second bedroom with wall-to-wall windows
* Free Strata Report available at bw.com.au"
52,Cabramatta,"Strata (unit, townhouse, villa)",Townhouse,738000,13.51169910358261,2026-03-13,2,1,0,0,0,0,0,0,0,0.0,0,3,0.5,1.0,0,25.4,309,0,0,0,0,1,1,0,280,"Modern Comfort & Convenience in a Prime Location
3/76-80 MCBURNEY ROAD, CABRAMATTA
An outstanding opportunity for first-home buyers or investors, this well-maintained townhouse is perfectly positioned to enjoy the vibrant lifestyle and amenity rich suburb of Cabramatta.
Welcome to 3/76-80 McBurney Road, Cabramatta — where smart design meets everyday convenience.
Property Features:
+ Spacious Living: Offers two well-proportioned bedrooms — ideal for young professionals, small families, or as a smart investment.
+ Functional Layout: A practical floorplan maximizes space and flow between living areas.
+ Bathroom: Well-appointed bathroom catering to individuals and families.
+ Light-Filled Interiors: Bright living spaces that capture natural light, creating a welcoming home environment.
+ Low-Maintenance Living: Perfect for buyers seeking a lock-up-and-leave lifestyle or investors looking for a strong rental prospect.
+ Very Low Strata Fee: $394 approx. per quarter only
Convenient Location:
Situated in the heart of Cabramatta, this townhouse offers easy access to local shops, cafes, schools, parks, and essential amenities. Close proximity to public transport makes commuting effortless — with Cabramatta Train Station and bus services just a short distance away.
Perfect for first-home buyers entering the market, downsizers seeking comfort without fuss, or investors looking to capitalise on strong rental demand in this dynamic suburb.
Disclaimer:
Whilst every effort has been made to ensure the accuracy of these particulars, no warranty is given by the vendor or the agent as to their accuracy. Interested parties should not rely on these particulars as representations of fact but must instead satisfy themselves by inspection or otherwise. Some images may be digitally enhanced or include virtual staging for presentation purposes. Prospective purchasers should rely on their own enquiries regarding the property's features and condition."
53,Cabramatta,House / duplex,House,820000,13.617059619240436,2026-03-02,3,1,0,0,1,0,0,0,1,6.329720905522696,1,4,0.3333333333333333,1.0,1,25.4,298,0,0,0,0,1,1,0,223,"TOWN HOUSE FOR SALE - PRIME LOCATION | WALK TO STATIONS & SCHOOLS
7/6-10 BRIDGE STREET, CABRAMATTA
Perfectly positioned in one of Cabramatta's most convenient pockets, this well-maintained townhouse offers an outstanding opportunity for first-home buyers, downsizers, or investors seeking strong rental returns.
Property Highlights:
3 spacious bedrooms | 1 bathroom | 1 car space
Located just moments from bus stops or train stations, local schools, and the vibrant Cabramatta CBD
Freshly painted throughout, featuring an electric kitchen and practical, low-maintenance interiors
Ideal to move straight in or lease out immediately with no extra work required
Affordable strata fees of only $455 per quarter
Excellent rental potential of approximately $600 per week
Offering lifestyle convenience, low outgoings, and solid investment appeal, this is a property you won't want to miss.
Enquire today to arrange your inspection.
**Disclaimer: All information contained herein is gathered from sources we believe to be reliable. However, we cannot guarantee its accuracy and interested parties should rely on their own enquiries. Figures, measurements, and descriptions are approximate only. No representation or warranty is made by the agent or vendor as to the accuracy of the information, and neither accepts any liability for any loss arising from its use.
Photos may include AI-assisted enhancements, virtual staging, or edits intended to illustrate potential. Buyers are encouraged to verify all details independently."
54,Vaucluse,"Strata (unit, townhouse, villa)",Unit/Apartment,1390000,14.144814305106875,2025-12-03,3,1,0,0,0,0,0,0,0,0.0,0,4,0.3333333333333333,1.0,0,6.5,209,0,0,1,0,0,1,0,216,"Art Deco Elegance in a Coveted Vaucluse Village Setting
4/73 NEW SOUTH HEAD ROAD, VAUCLUSE
Nestled in one of Sydney's most tightly held enclaves, this elegant three bedroom Art Deco apartment marries period charm with contemporary comfort. Bathed in natural light and set within a boutique block of just six, the residence features high ceilings, original architectural detail and the rare advantage of no common walls, ensuring exceptional privacy and tranquility.
The serene, private ambiance is complemented by effortless access to everyday lifestyle amenities, with Vaucluse Village's cafés, shops and coastal walks just moments away. Offering excellent market appeal for first home buyers, upsizers or investors seeking a classic, blue chip asset, this refined, move-in ready opportunity sits in an address that consistently holds premium appeal.
- 3 bed | 1 bath
- Immaculate presentation with excellent natural light
- Ornate cornices and original timber floors
- Generous living space with leafy outlooks
- Well-appointed kitchen with integrated laundry
- Quiet, tightly held block of only 6 apartments
- Stroll to Vaucluse Village shops, cafés, and transport
This is a unique chance to secure a residence that not only shines with heritage character but also promises lifestyle and location in equal measure.
Size: 85sqm approx
Strata Levies: $1,481 per qtr approx
Rental Appraisal: $875 - $920pw"
55,Vaucluse,"Strata (unit, townhouse, villa)",Unit/Apartment,1210000,14.006130917572923,2025-12-03,2,1,0,0,0,0,0,0,0,0.0,0,3,0.5,1.0,0,6.5,209,0,0,0,0,0,1,0,216,"Timeless Art Deco Elegance in the Heart of Vaucluse Village
5/73 NEW SOUTH HEAD ROAD, VAUCLUSE
Set within one of Sydney's most desirable and tightly held neighbourhoods, this elegant two-bedroom Art Deco apartment delivers a perfect balance of timeless character and modern convenience. Just steps from Vaucluse Village, you'll be surrounded by boutique cafés, picturesque coastal walks, and the refined amenities that define Eastern Suburbs living.
Set in a boutique block of just six, this light-filled residence is the perfect first home or investment. With its elegant period features, high ceilings, and serene ambiance, it's a standout from the moment you step inside Whether you're entering the market or expanding your portfolio, this is a rare opportunity to secure a classic apartment in a blue-chip location.
- 2 bed | 1 bath
- Immaculate presentation with excellent natural light
- Ornate cornices and original timber floors
- Generous living space with leafy outlooks
- Well-appointed kitchen with integrated laundry
- Quiet, tightly held block of only 6 apartments
- Stroll to Vaucluse Village shops, cafés, and transport
This is a unique chance to secure a residence that not only shines with heritage character but also promises lifestyle and location in equal measure.
Size: 70sqm approx
Strata Levies: $1,241 per qtr approx
Rental Appraisal: $780 - $820pw"
56,Vaucluse,"Strata (unit, townhouse, villa)",Unit/Apartment,1155000,13.959610901938031,2025-12-03,2,1,0,0,0,0,0,0,0,0.0,0,3,0.5,1.0,0,6.5,209,0,0,0,0,0,1,0,211,"Ground Floor Glamour in a Premier Vaucluse Village Setting
3/73 NEW SOUTH HEAD ROAD, VAUCLUSE
Tucked away in one of Sydney's most exclusive and tightly held neighbourhoods, this beautifully presented 2-bedroom Art Deco apartment offers a rare blend of timeless character, lifestyle appeal, and unbeatable convenience. Just footsteps from the heart of Vaucluse Village, it's surrounded by charming cafés, coastal walks, and boutique amenities that define the Eastern Suburbs lifestyle.
Set in a boutique block of just six, this light-filled, ground floor residence is the perfect first home or investment. With its elegant period features, high ceilings, and serene ambiance, it's a standout from the moment you step inside. An exceptional opportunity to secure a classic apartment in a blue-chip location.
- 2 bed | 1 bath
- Immaculate presentation with excellent natural light
- Ornate cornices and original timber floors
- Generous living space with leafy outlooks
- Well-appointed kitchen with integrated laundry
- Quiet, tightly held block of only 6 apartments
- Stroll to Vaucluse Village shops, cafés, and transport
This is a unique chance to secure a residence that not only shines with heritage character but also promises lifestyle and location in equal measure.
Size: 70sqm approx
Strata Levies: $1,241 per qtr approx
Rental Appraisal: $780 - $820pw"
57,Vaucluse,House / duplex,House,7150000,15.78262291467019,2025-12-01,5,3,0,0,0,1,0,1,1,6.0063531596017325,0,8,0.6,3.0,2,6.5,207,0,1,0,0,0,0,0,174,"Harbour View Oasis With North Facing Mediterranean Inspired Entertaining
5 MOORE STREET, VAUCLUSE
Evoking the charm of a romantic Mediterranean villa, this luminous harbourside residence is a private sanctuary filled with glorious northerly sunshine. Framed by lush greenery, it enjoys an elevated position with captivating views stretching across the Harbour Bridge and sparkling water. The home delivers exceptional versatility, with a generous lower level recreation zone and multiple light filled living spaces. Tucked away in a tightly held cul-de-sac this home is just a short stroll along a leafy pathway from the golden sands of Gibsons Beach.
• 5 bedrooms, 3 bathrooms, 3 car secure parking
• Beautiful Harbour Bridge and water views
• Gorgeous soaring ceilings, expansive windows
• Atrium style dining room spills onto courtyard
• Elegant marble kitchen, master with ensuite
• Lower level features cinema, vast storage
• Leafy path to Gibsons Beach at end of street
• Stroll to Watsons Bay Village cafés and ferry
Ray White Double Bay - Exceptional Living Begins Here
Our recommended loan broker https://broker.loanmarket.com.au/DOUBLE-BAY"
58,Cabramatta,"Strata (unit, townhouse, villa)",Unit/Apartment,420000,12.948009990259552,2025-10-28,2,1,0,0,0,0,0,0,0,0.0,0,3,0.5,1.0,0,25.4,173,0,0,0,0,1,1,0,281,"Unbeatable Location with Everyday Convenience
13/116 CABRAMATTA ROAD EAST, CABRAMATTA
Bold Real Estate NSW proudly presents a spacious two-bedroom apartment located in the heart of Cabramatta. Perfectly positioned, this home offers convenient access to Cabramatta Station, Cabramatta Mall, local schools, eateries, and everyday amenities, while also being just a short drive to Liverpool and Parramatta CBD.
This property is ideal for first home buyers, downsizers, or investors seeking a low-maintenance lifestyle in a prime location.
Property Features:
+ Generous bedrooms with built-in wardrobes
+ Light-filled living room ideal for entertaining or relaxation
+ Well-appointed kitchen with ample storage spaces
+ Internal laundry with additional storeroom
+ Stylish floorboards throughout, adding a modern touch and offering easy maintenance
+ Secure car space
+ Close proximity to shops, schools, public transport, and all local amenities
+ Easy access to major roads leading to Liverpool, Fairfield, and Parramatta CBD
Location Highlights:
+ Cabramatta Station – approx. 260m
+ Cabramatta Plaza – approx. 550m
+ Cabramatta Primary School – approx. 130m
+ Cabramatta High School – approx. 1km
+ Liverpool CBD – 10 min drive
+ Parramatta CBD – 20 min drive
Contact Bold Real Estate NSW today to arrange a private inspection and experience the lifestyle this apartment has to offer.
Disclaimer:
Some images have been digitally enhanced. Actual property conditions may differ. Please visit the property or contact Bold Real Estate NSW for more details. The information provided above has been gathered from sources deemed reliable; however, we do not guarantee its accuracy and accept no responsibility for any discrepancies. Interested parties are advised to make their own inquiries and rely on their personal judgment in determining the accuracy of the information provided."
59,Cabramatta,"Strata (unit, townhouse, villa)",Unit/Apartment,510000,13.142166004700508,2025-10-28,2,1,0,1,0,0,0,1,0,0.0,0,3,0.5,1.0,2,25.4,173,0,0,0,0,1,1,0,202,"Bright & Spacious 2nd Floor Unit - John Street
8/155 JOHN STREET, CABRAMATTA
Perfectly positioned in a well-maintained complex, this light-filled second-floor unit offers comfort, convenience, and lifestyle in one of Cabramatta’s most sought-after locations.
Step inside to discover a generous open-plan living and dining area flowing seamlessly onto a sunny balcony, ideal for relaxing or entertaining. The modern kitchen provides ample storage and bench space, while both bedrooms are well-sized and filled with natural light.
Enjoy the ease of a central location — just moments from Cabramatta’s vibrant shopping precinct, train station, schools, and eateries. Whether you’re a first-home buyer, downsizer, or investor, this is an opportunity not to be missed.
Features:
- Bright and spacious open-plan living and dining area
- Two generous bedrooms with built-in storage potential
- Modern kitchen with plenty of cabinetry
- Sun-drenched balcony with pleasant outlook
- Well-maintained bathroom and internal laundry
- Secure building with huge 27m2 lock up garage
- Prime location – walk to shops, transport, and schools
Location:
- A short stroll to Cabramatta CBD & Train Station
- Close to schools and parks
- A fantastic opportunity for those seeking comfort, convenience, and great value in the heart of Cabramatta."
60,Cabramatta,"Strata (unit, townhouse, villa)",Unit/Apartment,430000,12.971540487669746,2025-11-07,1,1,0,1,1,0,0,1,0,0.0,0,2,1.0,1.0,3,25.4,183,0,0,0,0,1,0,1,231,"SUBURB HISTORY RECORD 1 BED UNIT PRICE - SOLD AT AUCTION $430,000
10/88-92 HUGHES STREET, CABRAMATTA
Perfectly positioned a stroll to Cabramatta Station and the vibrant CBD, this light-filled apartment blends fresh contemporary updates with easy, low-maintenance living. Enjoy morning coffee on one balcony and sunset breezes on the other, plus the rare bonus of a secure lock-up garage.
Highlights
- Fully renovated kitchen with stone benchtops, sleek cabinetry, electric cooktop/oven and dishwasher
- Open-plan living/dining flowing to a sunny balcony
- Renovated bathroom with walk-in shower and rain head
- Large bedroom with mirrored built-in robe and its own balcony
- Internal laundry, split-system air conditioning, new flooring and LED lighting
- Secure lock-up garage; well-kept brick complex
- Dual balconies for great cross-ventilation and outdoor space
- Total Square Meter = 77.1 m2
- Strata per quarter = $471 appr.
- Walk to Cabramatta Station, shops, cafes, markets, schools and parks
Aucion Place: CabraVale Club -1 Bartley St, Canley Vale at 6PM
***All offers must be in writing***
Please be aware that all inquire a contact number and email address. Inquiries that do not have this information will not receive a response. All information contained therein is gathered from relevant third party sources. We cannot guarantee or give any warranty about the information provided. Interested parties must rely solely on their own inquiries. Virtual/styling furniture may have been used."
61,Cabramatta,House / duplex,House,1550000,14.253765488895429,2025-11-10,6,2,0,0,0,0,0,1,1,6.136862749797339,0,8,0.3333333333333333,2.0,1,25.4,186,0,0,0,0,0,1,0,200,"Solid Double Brick Home with Dual Income Potential
56 BOWDEN STREET, CABRAMATTA
Set on a corner block, this double-story, double brick residence is as solid as they come and offers an excellent investment opportunity with dual income potential. The property is separated into two self-contained levels, each with its own access.
Upstairs (Currently Leased at $700 per week):
• Three bedrooms, one bathroom plus two additional toilets
• Lock-up garage with internal entry
• External access for privacy
• Expansive covered balcony, perfect for entertaining
Downstairs (Estimated Rent $650 per week):
• Three bedrooms and one bathroom
• Internal access to the garage
• Direct access to the grassed yard
Rental Potential:
•Combined rental return of approx. $1,350 per week
Ideally located within walking distance to Cabramatta West Public School and Cabramatta High School, and just minutes from Cabramatta Plaza, this property offers both convenience and strong rental appeal.
Whether you’re looking to secure a high-yielding investment or a versatile home with dual living options, this residence presents the perfect opportunity.
DISCLAIMER: All information contained herein is gathered from sources we believe to be reliable, however, we cannot guarantee its accuracy and interested persons should rely on their own enquiries."
62,Vaucluse,"Strata (unit, townhouse, villa)",Unit/Apartment,1400000,14.151982794585487,2025-11-14,1,1,0,0,1,0,0,0,0,0.0,0,2,1.0,1.0,1,6.5,190,0,1,1,0,0,0,1,293,"Minimalist Oceanfront Luxury With Breathtaking 180-Degree Views In Seidler's Vaucluse Waters
11/33 KIMBERLEY STREET, VAUCLUSE
Suspended above the Pacific with a front-row seat to nature's most dramatic show, this custom-redesigned apartment in Harry Seidler's landmark Vaucluse Waters is immersed in the beauty of nature. A seamless fusion of mid-century modernism and contemporary minimalism, the interiors are pared back to hero the view with walls of glass framing an uninterrupted vista while the ever-changing seascape brings an uplifting sense of calm and connection. Fully renovated with Seidler's signature clean lines and functional flow, the oversized layout creates the sensation of floating above the ocean with the sounds of the sea underscoring a mood of serenity. Entertain against an infinite blue backdrop or unwind by the pool perched on the cliff's edge with level lift access to secure parking for effortless living. Step outside to the Diamond Bay Cliff Walk leading to Watsons Bay or stroll to The Grumpy Baker and Christison Park. This is coastal living at its most iconic and inspiring with views that will never be built out just 700m to Coles Local and Rose Bay North village.
- Mid-century landmark built in 1960
- Anchored to the Diamond Bay coast
- Second floor with level lift access
- Parking on title, video intercom
- East facing with unobstructed views
- Large bedroom with built-in robes
- Streamlined Euro-appointed kitchen
- Glass-framed living and dining
- Clean lines and organic curves
- Designer bathroom, Grohe tapware
- Internal laundry and C Bus lighting
- 15m heated pool on the ocean's edge
- Direct access to the coastal boardwalk
- Walk along the cliffs to Watsons Bay
- 700m to village life and Coles Local
- Mins to idyllic harbour and surf beaches"
63,Cabramatta,House / duplex,House,925000,13.737549016494562,2025-11-17,3,3,0,0,0,0,0,0,1,6.329720905522696,1,6,1.0,1.0,0,25.4,193,0,0,0,0,1,1,0,112,"Modern Townhouse Living in the Heart of Cabramatta
18/160-162 JOHN STREET, CABRAMATTA
Introducing this beautifully maintained three-bedroom townhouse offering contemporary comfort, space, and unbeatable convenience.
Located in a sought-after pocket of Cabramatta, this home delivers an ideal lifestyle for families, first-home buyers, or investors alike.
Property Features:
• 3 spacious bedrooms with built-in wardrobes
• 3 modern bathrooms
• Secure car space + visitor parking
• Open-plan living and dining area
• Low strata fees - only $419 per quarter
• Conveniently located close to Cabramatta CBD, train station, schools, and shops
A fantastic opportunity to secure a well-presented townhouse in a prime location.
Don't miss this rare find - inspect today!"
64,Mount Druitt,"Strata (unit, townhouse, villa)",Unit/Apartment,435000,12.983101310070822,2026-08-06,2,1,0,0,0,0,0,1,0,0.0,0,3,0.5,1.0,1,37.7,455,0,0,0,0,1,1,0,304,"SOLD BY PETER DIAMANTIDIS! RAY WHITE UNITED GROUP!
Perfectly positioned in a well-maintained complex, this neat and tidy two-bedroom unit offers an excellent opportunity for first home buyers, investors, or those looking to downsize. Boasting a functional layout, comfortable living spaces, and a convenient location close to shops, schools, and transport, this property delivers easy-care living with everyday convenience.
Step inside to discover a light-filled open-plan living and dining area that flows seamlessly to a private balcony, creating the perfect space to relax or entertain. Both bedrooms are generously sized and feature built-in wardrobes, while the combined bathroom and internal laundry maximise practicality and space.
Property features:
- Two spacious bedrooms, both with built-in wardrobes
- Open-plan living and dining area
- Well-appointed kitchen with ample storage
- Combined bathroom and laundry
- Private balcony
- Allocated car space
- Ideal first home, investment, or downsizing opportunity
- Positioned within a secure complex
- Returning $460 per week
Location Highlights:
- Approx. 500m to Mount Druitt Train Station
- Approx. 500m to Westfield Mount Druitt
- Approx. 1.2km to Mount Druitt Hospital
- Approx. 1.5km to Mount Druitt Public School
- Approx. 2.5km to Rooty Hill RSL
- Easy access to the Great Western Highway and M4 Motorway
Offering comfort, convenience, and outstanding value, this well-located unit is one not to be missed.
For further information, please contact Peter Diamantidis 0404 051 702.
Disclaimer: The above information has been gathered from sources that we believe are reliable. However, we cannot guarantee the accuracy of this information and nor do we accept responsibility for its accuracy. Any interested parties should rely on their own enquiries and judgment to determine the accuracy of this information for their own purposes. Images are for illustrative and design purposes only and do not represent the final product or finishes."
65,Vaucluse,House / duplex,House,7500000,15.830413578506539,2026-07-20,5,3,1,0,0,0,1,1,1,6.543911845564792,0,8,0.6,2.0,3,6.5,438,0,1,1,0,0,0,0,155,"Architectural Family Sanctuary Presented for the First Time in 30 Years
Discreetly tucked away in a premier cul-de-sac of Vaucluse, this architectural masterpiece by Mark Butler offers a unique family sanctuary presented for the first time in 30 years. Every detail reflects Butler's signature artistry, creating a home of effortless flow, outdoor connection, superb functionality and resort-style tranquility. This truly special residence is designed for families who value relaxed living, poolside entertaining and moments of private serenity, complemented by easy access to local amenities and everyday essentials.
• 5 beds, 3 baths, 2 cars
• Ample living zones, main taking center stage
• Light-filled interiors radiating graceful charm
• Backyard swimming pool beneath tall palms
• Seamless transition to balconies/courtyards
• Five bedrooms including intimate main suite
• Private home office plus full family bathroom
• Double garage, side-by-side driveway space
Ray White Double Bay - Exceptional Living Begins Here
Our recommended loan broker https://broker.loanmarket.com.au/DOUBLE-BAY"
66,Cabramatta,House / duplex,House,1230000,14.0225247273486,2026-07-24,4,1,0,0,0,0,0,1,1,6.163314804034641,0,5,0.25,3.0,1,25.4,442,0,0,0,0,1,1,0,352,"Beautiful, Charming and Full of Convenience!
A highly desirable and tightly held locale in arguably one of the best pockets of Cabramatta, this sensational and extremely sought after property provides an exceptional opportunity to acquire a beautifully appointed family residence that enjoys a seamless integration between indoor and outdoor living with immense value adding potential. Boasting a prized position with convenience being paramount, this entry level family retreat embraces the elegant original European charm with spacious interiors providing welcome additions for modern living. Presenting an expansive single level layout, it offers a flexible and comfortable design that would be an ideal starting point for first home buyers, a fantastic upgrade for young or growing families, or even those seeking a peaceful and stress-free retirement or downsize!
A true hidden gem that is quietly nestled within a family friendly setting and perfectly orientated to capture an abundance of natural light throughout the day, it provides direct accessibility and within walking distance to all essential amenities including but not limited to Cabramatta High School, Cabramatta Train Station, and Cabramatta CBD. All within minutes away, it offers a popular and vibrant cultural experience second to none with an endless selection of quality restaurants, food vendors, seasonal fresh produce, and a large variety of specialty stores that will leave a lasting impression. This is an amazing home that will appeal to all buyers within a location not to be overlooked!
Property features:
- Single level brick veneer residence in peaceful and convenient setting.
- Four (4) well-proportioned bedrooms with built-in wardrobes.
- Well-appointed kitchen with spacious benchtops and skylight
- Generously sized main bathroom with additional separate toilet.
- Bright interiors offering separate living and dining space.
- Spacious family room with floor to ceiling windows ideal for entertaining.
- Internal laundry and additional bathroom in 4th bedroom.
- Single lock up garage with external access to rear yard.
- Additional 2 vehicle carport with secure and lockable front gate.
- Outdoor sitting area with pergola overlooking a luscious garden oasis.
- Beautifully appointed front and rear gardens.
- Level and rectangular block on approximately 474sqm"
67,Mount Druitt,"Strata (unit, townhouse, villa)",Villa,660000,13.399995114002609,2026-07-09,3,1,0,1,1,0,0,1,0,0.0,0,4,0.3333333333333333,1.0,3,37.7,427,0,0,0,0,0,0,1,221,"Well-Presented Home
VAS Global Real Estate is proud to present you this well-presented three-bedroom villa boasting open plan living is peacefully positioned within walking distance to premier schools, shops, transport and in one of the districts best areas. Once you enter, you feel the warmth and charm the home exudes!
Features:
- Generous bedrooms with mirrored built-in wardrobe to main
- Well-appointed kitchen boasting gas cooking and plenty of storage space
- Large light filled lounge and separate dining area featuring open plan living.
- Seamless flow to the private courtyard perfect for entertaining.
- Detached single lock-up garage plus loads of visitor parking
- Separate lock up storage shed
- Currently leased for $550pw till Aug 26
- Additional features include reverse cycle air conditioning, internal laundry, NBN ready, tiled living areas, updated floorboards, gas hot water system and much more...
Packed with comfort, convenience and lifestyle appeal, this is one property you do not want to miss. Contact our agent today to arrange your inspection or register your interest now!
Disclaimer: ""VAS Global Real Estate, its directors, employees and related entities believe that the information contained herein is gathered from sources we deem to be reliable. However, no representation or warranties of any nature whatsoever are given, intended or implied. Any interested parties should rely on their own inquiries."""
68,Cabramatta,"Strata (unit, townhouse, villa)",Unit/Apartment,620000,13.337474757021274,2026-06-30,3,1,0,0,0,0,0,0,0,0.0,0,4,0.3333333333333333,1.0,0,25.4,418,0,0,1,0,1,0,0,193,"MUST SEE - Stunning 3-Bedroom Unit in Prime Location
Experience luxurious living in one of the largest units in the area! This impressive property boasts three KING-sized bedrooms, each with built-in wardrobes, offering ample storage and comfort. The modern interior design and spacious layout create an inviting atmosphere perfect for families or those who love to entertain.
Located on the 3rd floor, this unit offers breathtaking views that can be enjoyed from every room. The convenience of having your own garage adds to the appeal, providing secure parking and extra storage space.
Perfectly positioned just minutes' walk from Cabramatta Station, the bustling shopping centre, and local schools, this property is ideal for those seeking both convenience and a vibrant lifestyle.
Don't miss out on this incredible opportunity to secure a spacious and stylish home in the heart of Cabramatta. Contact us today to arrange a viewing!
Strata: $820 per qtr. approx. INCLUDES WATER
Council : $250 per qtr. approx.
Features:
- 3 KING-sized bedrooms with built-in wardrobes
- Modern interior with spacious layout
- Overlooking views from the 3rd floor
- Secure garage
- Prime location, minutes from station, shopping centre, and schools"
69,Vaucluse,House / duplex,House,15500000,16.556350581889475,2026-06-30,4,3,1,1,0,1,1,1,1,6.875232087276577,0,7,0.75,4.0,5,6.5,418,0,1,1,0,0,0,0,541,"Timeless Elegance and Refined Luxury with Panoramic City & Harbour Bridge Vistas
Beyond its exquisite historic façade and captivating street presence, this exceptional Vaucluse residence unveils a world of refined grandeur and contemporary luxury in a prestigious blue-ribbon address.
Tightly-held by the one family for 29 years and occupying an elevated 967sqm parcel, this impeccably appointed home delivers an extraordinary sense of arrival, framed by beautiful established gardens and enjoying panoramic vistas towards the city skyline and Harbour Bridge.
Impressive in both scale and design, it reveals elegant formal lounge and dining rooms beneath soaring 3.6m ornate ceilings, where a premium gas fireplace and timeless detailing create an atmosphere of warmth and refinement.
At the heart of the home is a gourmet island kitchen equipped with premium Miele gas appliances, unfolding into a to a sun washed family domain designed for relaxed everyday living and entertaining.
From here, effortless transitions lead to a private resort-style backyard with a mosaic-tiled swimming pool and spa embraced by lush manicured gardens, while a superb poolside cabana complete with a fully-integrated outdoor kitchen and BBQ deliver the ultimate setting for year-round entertaining.
Accommodation comprises four generous bedrooms appointed with built-in wardrobes, three of which are positioned on the lower level. The upstairs master is a true sanctuary, complete with a deluxe ensuite, while opening to a sun bathed balcony capturing breathtaking views to the city skyline and harbour.
All beautifully appointed, the three Travertine bathrooms feature underfloor heating, while there is a chic guest powder room and a separate family sized laundry enjoying direct access to a secluded drying deck.
Further highlights of the home include a custom study, a 2,000-bottle climate-controlled wine cellar, ducted air conditioning and integrated sound.
Complete with a double remote garage and plenty of off-street parking, this graceful property is located just minutes to Vaucluse and Rose Bay shopping villages, elite schools, city transport and boutique harbour beaches.
- 4 bed | 3.5 bath | 4 car
- Historic Vaucluse residence built in 1926 on 967sqm parcel
- Elevated setting to capture views to the ocean, city & harbour
- Grand proportions with both formal/informal living & dining
- Elegant formal lounge and dining with soaring 3.6m ceilings
- Cleverly designed with skylights drawing in abundant sunlight
- Gourmet kitchen with Miele gas appliances and two ovens
- Integrated Miele dishwasher, Qaisar rangehood, ample storage
- Resort-style backyard with sparkling mosaic-tiled pool & spa
- Poolside entertainers' cabana w/ integrated kitchen & BBQ
- Beautiful established front and rear landscaped gardens
- Custom study, four generous bedrooms with built-in wardrobes
- Upstairs master sanctuary with full-sized designer ensuite
- Master with terrace and magical city & Harbour Bridge views
- Three deluxe Travertine bathrooms with underfloor heating
- Chic guest powder room, all with Albert Adams tapware
- 2,000 bottle climate-controlled wine cellar, AV intercom
- Zoned ducted a/c, integrated sound, Heat&Glo gas fireplace
- Double remote garage with additional off-street parking
- Family-sized laundry with direct access to drying deck
- Exquisite street presence, original sandstone foundation
- Walk to prestigious schools, buses, Vaucluse shopping village
- Moments to cosmopolitan Rose Bay village, harbour beaches
In conjunction with Steven Zoellner | Laing+Simmons, Double Bay - 0400 840 111 steven.zoellner@lsre.com.au"
70,Vaucluse,"Strata (unit, townhouse, villa)",Unit/Apartment,1980000,14.498607402670718,2026-06-16,3,2,0,1,1,1,0,1,0,0.0,0,5,0.6666666666666666,1.0,4,6.5,404,0,1,1,0,0,0,1,506,"Top Floor Bespoke Coastal Sanctuary with Sweeping Ocean Views
Capturing a sweeping ocean panorama that stretches across the coastline to the horizon, this exquisite custom apartment occupies the entire eastern wing of a tightly-held well-maintained building in a prized Vaucluse address.
Transformed by a comprehensive bespoke renovation with no expense spared, interiors are defined by a sleek and meticulously considered material palette that elevates every surface. Recycled timber elements and European oak floors introduce natural warmth, balanced by the sculptural softness of Venetian plaster walls bringing depth, texture and a quiet sense of luxury.
Cleverly designed with two separate living zones and ocean views from almost every room, it reveals an impressive layout with both front and rear sun soaked view-swept balconies, perfect for year-round entertaining and allowing effortless cross-flow.
A north facing light filled lounge is warmed in winter by a premium electric cooktop, while a state-of-the-art kitchen features quality Caesarstone benchtops and an array of European appliances including an induction cooktop and an integrated dishwasher.
The three beautifully appointed bedrooms are designed as relaxing, light filled retreats, all of which feature built-in wardrobes. Both the main bathroom and master ensuite are stylishly appointed with rainwater showers, Parisi tapware and underfloor heating, while additional features include a concealed internal laundry, zoned ducted air conditioning, designer lighting and Smart home technology.
Residents enjoy access to the complex beautiful communal gardens and a newly refurbished swimming pool plus a lock-up garage with additional storage.
This luxury apartment is located within a stroll of Diamond Bay Reserve and breathtaking oceanfront parklands as well as local cafés, city buses and Vaucluse village shopping and dining strip. Rose Bay North village with Coles and specialty stores are just minutes away, as is Watsons Bay, prestigious schools and a series of boutique harbour beaches.
- 3 bed | 2 bath | 1car
- Top floor and occupies entire eastern wing of the building
- Magnificent, elevated ocean panorama stretching to horizon
- Transformed by custom renovation with no expense spared
- Impressive flowing layout featuring two separate living zones
- Cleverly designed with two balconies to enjoy easy cross-flow
- State-of-the-art Caesarstone kitchen, Bosch induction cooktop
- Premium European appliances, Gessi hot/cold tap, dishwasher
- Breathtaking ocean views from almost every room of apartment
- Superb wraparound view-swept balcony with automated awning
- Second n/facing sun soaked balcony w/ district/ocean views
- Zoned ducted air conditioning, wide European oak flooring
- Smart home technology, extensive storage, sheer curtains
- Deluxe bathrooms with underfloor heating, Parisi tapware
- Both bathrooms with rainwater showers and Smart toilets
- Venetian plaster wall with an integrated electric fireplace
- Recycled timber, slatted timber vertical door to int. laundry
- Carrara marble tiled floor & exposed concrete in kitchen
- Single lock-up garage, communal gardens, refurbished pool
- One min stroll to Diamond Bay Reserve, clifftop walkways
- Walk to popular local cafés, buses, Vaucluse village shops
- Minutes to Rose Bay North Village, Coles, esteemed schools
- Close to boutique harbour beaches, parklands, Watsons Bay"
71,Vaucluse,"Strata (unit, townhouse, villa)",Unit/Apartment,1265000,14.050582680143757,2026-06-16,2,1,0,1,0,0,0,1,0,0.0,0,3,0.5,1.0,2,6.5,404,0,1,0,0,0,1,0,264,"Elevated Vaucluse Living in a Prime Harbourside Pocket
Set in a tightly held Vaucluse position, this beautifully presented apartment delivers an outstanding combination of space, natural light and everyday convenience ideal for buyers seeking a low maintenance home just moments from the harbour, village cafés and transport.
Designed for comfortable living and easy entertaining, the interiors are bright and well proportioned, with seamless flow to outdoor space and a practical layout that suits owner occupiers, downsizers and investors alike.
With everything you need at your doorstep, this is a superb opportunity to secure a quality apartment in one of Sydney's most desirable eastern suburbs.
Key Highlights:
* Refreshed by modern enhancements throughout, with appealing open plan living
* Two well - proportioned Double bedrooms, with built-ins
* Generous Lounge /dining extending onto tranquil balcony
* Large modern kitchen featuring quality modern appliances
* Sleek bathroom including separate bathtub and a separate shower
* Off-street parking / Air con / Floorboards/ High ceilings
* Internal laundry, plus common laundry - one per floor
* Moments from both harbourfront parkland and Bondi Beach
* Leisurely stroll to Rose Bay North village, and chic cafes.
For more information please contact Chana on 0451 654 099 or Nathan on 0410 592 903
We look forward to welcoming you through.
Disclaimer: All information contained herein is gathered from third party sources we deem to be reliable. However, we cannot guarantee its accuracy and interested persons should rely on their own independent enquiries and not on the information contained herein. Figures and details are subject to change without further notice."
72,Vaucluse,House / duplex,House,16000000,16.588099280204055,2026-06-15,4,3,1,0,0,1,1,1,1,6.784457062637643,0,7,0.75,2.0,4,6.5,403,0,1,1,0,0,0,0,223,"'Virginia' a timeless residence with breathtaking harbour views
Capturing mesmerising uninterrupted views across the harbour to the Bridge and Opera House, this gracious residence stands as a charming example of the elegant architecture of its time.
Positioned on an 882sqm parcel of land, it retains fine period detailing and grand proportions, encompassing an abundance of accommodation and entertaining spaces. Comfortable and rich in character, the home lends itself to reinterpretation and enhancement of its original fabric, creating a residence befitting its world-class location.
A brief stroll will take you to the picturesque shores of Nielsen Park, secluded Hermit Beach and the scenic Hermitage Foreshore Walk that meanders around to Watsons Bay and Camp Cove.
Key Features Indoor:
Five bedrooms including huge master suite and private guest room
Grand formal lounge with wood fire, stately formal dining room
Colonnaded glass-embraced casual sitting and dining room
Upper-level study, Caesarstone gas kitchen with breakfast bar
Key Features Outdoor:
Breathtaking views to the icons of the city skyline
Sandstone-flagged patio & pool bathed in afternoon sun
Front porch, established gardens surrounding the residence
LUG plus sandstone driveway accommodating tandem vehicles
Key Features Additional:
Intricately detailed timber wall panelling, hardwood floorboards
Gracious formal entry foyer, original timber doors, French windows
Soaring ceilings graced with ornate cornices, tall skirting boards
Gas bayonets, b/ins, guest WC, original archways, exterior shutters"
73,Mount Druitt,"Strata (unit, townhouse, villa)",Unit/Apartment,465000,13.049792684569493,2026-05-26,2,1,0,1,0,0,0,0,0,0.0,0,3,0.5,1.0,1,37.7,383,0,0,0,0,1,1,0,348,"SOLD AT 1ST OPEN HOME BY RAJESH & KHUSHWANT
Located in a well-maintained complex, this comfortable 2-bedroom apartment presents a fantastic opportunity for first home buyers, downsizers, or savvy investors looking to secure a property in the ever-convenient Mount Druitt area. Offering a practical layout and low-maintenance living, the apartment is ideal for those seeking comfort, accessibility, and everyday convenience.
Positioned within a tidy and established complex, the home features a light-filled living area and functional interiors designed for easy living. With gas cooking, built-in wardrobes in both bedrooms, and split-system air conditioning, this property provides a comfortable lifestyle with everything you need close by.
Property Features:
• Two generously sized bedrooms, both fitted with built-in wardrobes providing ample storage space
• Bright and spacious open-plan living and dining area filled with natural light
• Split-system air conditioning in the living area for year-round comfort
• Functional kitchen equipped with a gas cooktop, ample bench space, and plenty of storage cabinets
• Well-maintained bathroom with shower, toilet, and practical layout
• Internal laundry area for everyday convenience
• Gas heating point available for additional warmth during the cooler months
• Low-maintenance flooring throughout the apartment for easy cleaning
Prime Location:
• Conveniently located close to Mount Druitt Westfield Shopping Centre, offering a wide range of supermarkets, retail stores, cafes, restaurants, and everyday services
• Just a short distance to Mount Druitt Train Station, providing easy access to public transport and direct connections to Sydney CBD and surrounding suburbs
• Close to a selection of local primary and secondary schools, childcare centres, and educational facilities
• Nearby parks, playgrounds, and recreational spaces ideal for families and outdoor activities
• Easy access to major arterial roads including the Great Western Highway and the M4 Motorway for convenient commuting
An ideal opportunity for both owner-occupiers and investors, this well-positioned apartment is set within the thriving and fast-growing Mount Druitt market.
We have obtained all information in this document from sources we believe to be reliable, however we cannot guarantee its accuracy. Prospective Tenants are advised to carry out their own investigations."
74,Mount Druitt,"Strata (unit, townhouse, villa)",Unit/Apartment,500000,13.122363377404328,2026-05-18,3,1,0,0,0,0,1,1,0,0.0,0,4,0.3333333333333333,1.0,2,37.7,375,0,0,0,0,0,1,0,268,"""Convenient Living in the Heart of Mount Druitt""|Ideal First Home or Investment
Superbly presented in quiet solid brick construction, this home can be a great first home or low maintenance investment. This apartment offers balcony adjoining lounge bringing in loads of light & air, with well-appointed interiors and an abundance of open plan living zones.
Features
+ Expansive layout features an enormous floor space
+ Contemporary open plan design with combined lounge & dining with seamless balcony flow
+ Two expansively spacious bedrooms PLUS Large study capable of being used as a third room.
+ Clean Kitchen, Stainless Steel Appliances couple plethora of cupboard space
+ Floorboards in bedrooms with large well-appointed tiles in Living/Kitchen
+ Main bathroom features separate toilet & floor to ceiling tiles Plus separate laundry
+ Garage locked single car space + an ample amount of off-street parking
+ Stroll to the Mt Druitt CBD, public transport, shops, eateries, parks
+ Walk to Mount Druitt Westfields and short drive to major road ways i.e. M4/GWH/M7
Buyer's Note:
- Strata approx $965 per quarter
- Council rate $452 per quarter
- Rental potential $550 per week
On the date of the open home we will be taking offers, If you would like to request a contract prior to the open home please send through your details.
**Nidus Group Real Estate, its directors, employees and related entities believe that the information contained herein is gathered from sources we deem to be reliable. However, no representation or warranties of any nature whatsoever are given, intended or implied. Any interested parties should rely on their own inquiries** less"
75,Mount Druitt,House / duplex,House,1150000,13.955272500339433,2026-05-07,5,3,0,1,1,0,0,1,1,6.55250788703459,1,8,0.6,2.0,3,37.7,364,0,0,1,0,1,0,0,214,"Brand-new designer duplex in prime walk-to-everything location
Expertly crafted to deliver contemporary comfort, this brand-new freestanding duplex offers a free-flowing design, premium finishes and a versatile layout perfect for family living. With five bedrooms, dual living zones, seamless in/outdoor flow and a prized north-facing orientation, it promises a low-maintenance lifestyle in a high-growth setting. The property is located within a 900m stroll from Mt Druitt Station, Westfield and vibrant dining options.
- Free-flowing dual-level layout reveals a front lounge and an open living/dining zone
- Seamless transition to a private backyard, perfect for entertaining or alfresco dining
- Marble kitchen, waterfall edges, gas cooking, a dishwasher and steel appliances
- Five generous bedrooms include one on the ground floor, ideal as a guest room
- Master bedroom enjoys an ensuite that opens to a private balcony
- Fully tiled bathroom with black fixtures, a frameless shower and quality finishes
- Ducted air-conditioning, downlights, neutral tones and polished grey tiled flooring
- Lock-up garage with internal access, internal laundry and under-stair storage
- Positioned 550m from Mt Druitt Station, Westfield, schools, and library
** While we have provided the above information, Laing+Simmons makes no guarantees about its accuracy, completeness, or current relevance. All interested parties should conduct their own independent inquiries to verify the information."
76,Cabramatta,House / duplex,House,1650000,14.316285845876763,2026-03-24,5,3,1,0,1,0,1,1,1,6.111467339502679,0,8,0.6,2.0,4,25.4,320,0,0,1,0,0,0,1,317,"Brand New Luxury Family Home with Pool & Cabana on 450m² (Approx.)
Welcome to 379 Cabramatta Road, Cabramatta a stunning brand new architecturally designed residence that perfectly blends modern luxury, spacious family living and premium outdoor entertaining. Positioned on an impressive 450m² (approx.) parcel of land, this beautifully crafted home offers an exceptional lifestyle opportunity for growing families or those who love to entertain.
From the moment you step inside, you will be impressed by the home's contemporary design, quality finishes and thoughtfully designed floor plan that delivers both comfort and functionality across generous living spaces.
The residence boasts five spacious bedrooms, ideal for large families or those needing additional home office space, complemented by three modern bathrooms and four toilets to ensure convenience for everyday living.
At the heart of the home lies a designer kitchen equipped with quality appliances, sleek cabinetry and ample storage, flowing seamlessly into the open-plan living and dining areas. Large glass doors extend the living space outdoors to a private backyard oasis.
Step outside and discover the ultimate entertainer's retreat featuring a sparkling swimming pool and stylish cabana, perfect for hosting family gatherings, weekend BBQs or simply relaxing in your own resort-style setting.
Conveniently located close to local schools, shops, parks and public transport, this brand new residence offers the perfect combination of luxury, lifestyle and location in one of Cabramatta's most vibrant communities.
Property Features:
Brand new architecturally designed residence
5 generous bedrooms with built-in wardrobes
Master bedroom with ensuite
3 modern bathrooms + 4 toilets
Spacious open-plan living and dining areas
Designer kitchen with quality appliances and ample storage
Swimming pool with stylish outdoor cabana
Perfect indoor-outdoor entertaining space
Situated on approximately 450m² of land
Quality finishes and contemporary design throughout
A rare opportunity to secure a brand new luxury home in a highly convenient Cabramatta location.
Inspect today and experience the lifestyle this stunning home has to offer."
77,Cabramatta,House / duplex,House,1600000,14.28551418721001,2026-03-23,3,3,0,0,1,0,0,0,1,6.996681488176539,0,6,1.0,2.0,1,25.4,319,0,0,1,1,1,1,1,264,"Exceptional Land with Boundless Potential!
A tremendous opportunity for the astute buyer to secure an exceptional piece of real estate, set in a well-positioned locale and the highly sought after Cabramatta! Boasting an extremely generous parcel of approximately 1,092sqm it provides the savvy and sophisticated buyer with multiple investment and potential future development possibilities with value adding opportunities to further improve rental income and future growth! Featuring endless potential and flexibility to renovate, redesign or redevelop, this fantastic property offers buyers the option to build an architecturally designed residence, dual occupancy and granny flat additions, sub-division upside (S.T.C.A.) or even land banking prospects while future plans are being made.
Outstanding position with convenience being paramount, this south facing residence provides immediate access to all essential services including Cabramatta Station, Cabramatta Primary and Secondary Schools as well as the vibrant and popular Cabramatta Shopping precinct offering an impressive cultural and culinary experience all year round! A secure and long-term investment with development potential not to be overlooked, this fantastic property provides a wonderful opportunity to acquire a rare parcel of land in the robust Cabramatta property market.
Property Features:
- An original single level residence offering three (3) well-proportioned bedrooms.
- Original kitchen and bathrooms.
- Separate living and dining spaces.
- Single lock up garage
Site Features:
- Zone R2: Low Density Residential
- Land size: 1,092sqm ( approximate )
- Frontage: 18.75m
- Dimensions: 18.75m x 58.27m
Development Potential (S.T.C.A.)
- Architecturally Designer Residence
- Dual Occupancy or Granny Flat Potential
- Duplex development potential
- Sub-division development potential
- Boarding house potential."
78,Cabramatta,"Strata (unit, townhouse, villa)",Unit/Apartment,425000,12.959844447906553,2026-03-17,2,1,0,0,0,0,0,1,0,0.0,0,3,0.5,1.0,1,25.4,313,0,0,0,0,0,1,0,203,"LOW STRATA - $470 APPROX PER QUARTER
Century 21 Vasco Group is proud to present this excellent opportunity to secure your next investment or first home. Perfectly positioned on the second floor, this well-maintained 2-bedroom unit offers a convenient lifestyle just a short walk from Cabramatta CBD, schools, parks, and public transport.
Features:
- 2 generous bedrooms, master with built-in wardrobe
- Spacious kitchen with ample cupboard and bench space
- Open-plan living and dining area leading to a private balcony
- Internal laundry for added convenience
- Secure lock-up garage
Apartment size: 79.3m2 approx. total, 65.2m2 approx. internal
Council rates $274 approx. per quarter
Water rates: $170 approx. per quarter
Strata rates: $470 approx. per quarter
Whether you're a savvy investor or a first-home buyer, this property delivers on both location and lifestyle. Don't miss your chance to secure a great property in one of Cabramatta's most sought-after pockets.
DISCLAIMER
We have in preparing this information used our best endeavours to ensure that the information contained therein is true and accurate however, accept no responsibility and disclaim all liability in respect of any errors, inaccuracies or misstatements contained herein. Prospective buyers should make their own enquiries to verify the information contained herein"
79,Cabramatta,"Strata (unit, townhouse, villa)",Unit/Apartment,455000,13.028052697933088,2026-03-27,2,1,0,0,1,0,0,0,0,0.0,0,3,0.5,1.0,1,25.4,323,0,0,0,0,1,1,1,168,"FULLY RENOVATED UNIT AND ONLY 200M TO TRAIN STATION
This beautifully renovated unit presents an outstanding opportunity for first home buyers and astute investors alike. Positioned in the vibrant heart of Cabramatta, it delivers the perfect combination of modern comfort, everyday convenience, and lifestyle appeal.
Ideal for young families, first home buyers, non-drivers, or investors seeking a high-demand location, the property is within easy walking distance to all essential amenities.
Prime Location:
Approximately 100m to Cabramatta Public School
Approximately 200m to Cabramatta Shopping Precinct
Approximately 200m to Cabramatta Train Station
Property Features:
Two generously sized bedrooms, both with built-in wardrobes
Stylishly renovated kitchen and modern bathroom
Light-filled open plan living and dining area
Quality timber flooring throughout for low-maintenance living
Internal laundry for added convenience
Secure single lock-up garage
Outgoings:
Strata Levies: $588.00 per quarter
Council Rates: $273.00 per quarter
Water Rates: $200.00 per quarter
Offering unbeatable convenience in a sought-after central location, this move-in-ready apartment is a smart choice for those seeking comfort, accessibility, and long-term value."
80,Cabramatta,"Strata (unit, townhouse, villa)",Unit/Apartment,480000,13.081541382884074,2026-03-11,2,1,0,0,1,0,0,1,0,0.0,0,3,0.5,1.0,2,25.4,307,0,0,0,0,1,1,1,162,""" 100m WALK TO SHOPS- HOT LOCATION ""
Positioned on the Top floor, this well-maintained full brick unit offers exceptional convenience-just moments from Cabramatta Train Station, Cabramatta CBD, and Cabramatta Public School. Whether you're entering the market or looking to expand your investment portfolio, this property ticks all the boxes.
Property features:
* Well-appointed full brick unit on top floor
* Two (2) well-proportioned bedrooms
* Light filled interiors with expansive lounge and dining space
* Well sized balcony with courtyard views
* Modern design kitchen with stainless steel appliances
* Modern and renovated bathroom and internal laundry
* Low maintenance tiles and timber throughout
* Single lock up garage with on-site visitor parking
* Secure complex with security gate and dual driveway access
Property Area:
* Internal: 86m2
* Car Space: 20m2
* Total: 106m2
* Quarterly Outgoings ( Approximate )
* Council Rates: $281.00
* Water Rates: $174.00
* Strata Levies: $501.00
Owners are highly motivated and keen to sell."
81,Cabramatta,"Strata (unit, townhouse, villa)",Unit/Apartment,555000,13.226723392728571,2026-02-26,2,1,0,0,1,0,0,1,0,0.0,0,3,0.5,1.0,2,25.4,294,0,0,0,0,0,1,1,137,"WELCOME ALL BUYERS!!!
Located in the heart of Cabramatta this apartment is a must see!!Either you are looking to live in or invest this apartment is the right choice. 2nd floor residence is positioned in a great location with-in five minutes' walk to all amenities and transport.
Features:
+ Full brick spacious 2-bedroom apartment.
+ Lots of natural light
+ Update bright and spacious kitchen
+ Renovated bathroom
+ Bright spacious living room that leads to a spacious entertaining balcony
+ Good size lock up garage plus wide security rolling gate for the whole complex
+ Great investment for first time investors or home buyers
+ Strata levy: $365.00 approx. per quarter
+ Council rates: $279.00 approx. per quarter
+ Water rates: $205.00 approx. per quarter
+ Enquiries Tass Evgeniou 0418 679 376 or Tuan Tran 0401836878"
82,Cabramatta,"Strata (unit, townhouse, villa)",Unit/Apartment,540000,13.199324418540456,2026-05-21,2,1,0,0,0,0,0,1,0,0.0,0,3,0.5,1.0,1,25.4,378,0,0,0,0,1,1,0,259,"Modern 2 bedroom unit first floor CABRAMATTA
Perfectly positioned for convenience and comfort, this stylish 2-bedroom, 2-bathroom apartment offers contemporary living in one of Cabramatta's most sought-after locations.
Step inside to discover a bright and spacious rear facing open-plan layout featuring a modern kitchen, generous living and dining areas, and a private balcony ideal for relaxing or entertaining. Both bedrooms are well-sized, with built-in wardrobes and an ensuite to the master bedroom for added comfort.
Enjoy the convenience of lift access, secure parking, and a low-maintenance lifestyle just moments from Cabramatta Station, local shops, cafes, and vibrant eateries.
Features:
- 2 generous bedrooms with built-ins
- 2 modern bathrooms (including ensuite)
- Open-plan living and dining area
- Contemporary kitchen with quality appliances
- Private balcony (rear facing)
- Lift access & secure building
- Prime location walk to train, shops, and schools
Strata per quarter $1,447 pq
Sydney Water $180 pq
Council $300 pq
Contact agent for inspection times
This property is perfect for first home buyers, downsizers, or savvy investors seeking a strong rental return in a thriving suburb.
Disclaimer: Vista real estate and its representatives believe the information contained in this listing is accurate and reliable; however, interested parties should rely on their own enquiries. Prices, inclusions, and property details are subject to change without notice. Dimensions and areas are approximate. Our agents, and employees make no representation or warranty as to the accuracy, completeness, or suitability of the information provided and accept no responsibility for any loss or damage resulting from reliance on the information."
83,Cabramatta,House / duplex,House,2200000,14.603967918328545,2026-05-25,3,3,0,0,1,0,0,1,1,6.920671504248683,0,6,1.0,3.0,2,25.4,382,0,0,1,1,1,1,1,381,"European Charm with Exceptional Land Potential!
A wonderful example of the finest craftsmanship, this sensational and privately constructed full brick family residence enjoys a seamless integration between indoor and outdoor living, with attention to detail and privacy being paramount. First time offered to market, this charming family abode embraces the elegant original features with oversized interiors providing welcome additions for modern living. Boasting an expansive single level layout, it provides a flexible and comfortable design suitable for the multigenerational family or even a possible dual occupancy arrangement.
Featuring a high desirable sized parcel of approximately 1,012sqm it also provides the savvy and sophisticated buyer with multiple investment and future development options with value adding opportunities to further improve rental income and potential future growth. Presenting immense opportunities and flexibility to renovate, redesign or rebuild, it allows buyers the potential for an architecturally designed residence, dual occupancy living or multiple dwellings, granny flat addition or even an ideal home business arrangement (S.T.C.A.).
Peacefully nestled within a family friendly setting and amongst other quality designer residences, this beautifully appointed family home features bright interiors enhanced by soaring high ceilings, well proportioned living spaces and an inviting European charm which flows effortlessly throughout. Perfectly orientated to capture the eastern sun this stunning residence provides immediate access to all essential amenities including but not limited to Cabramatta Station, Cabramatta Bowling Club, Cabramatta Public School and the vibrant Cabramatta CBD offering an endless selection of restaurants, cafes and fresh produce all year round!
Property Features:
- Privately constructed single level full brick family residence.
- Well proportioned two (2) bedrooms with potential for 3-bedroom conversion.
- Master bedroom includes private and spacious en-suite.
- Original kitchen and main bathroom with scope for modern improvements.
- Bright interiors providing separate living and dining spaces ideal for endless entertaining.
- Beautifully appointed alfresco with an outdoor integrated BBQ.
- Additional large detached rear dwelling offering a double lock up garage with workshop and teenagers retreat/sleepout with private bathroom.
- Beautifully manicured gardens throughout
- Private and secure fence with remote controlled gate and wide driveway access to rear.
Site Features:
- Zone R2: Low Density Residential
- Land size: 1,012sqm ( approximate )
- Dimensions: 20.11m x 50.29m ( approximate )
- Potential dual occupancy/granny flat development (S.T.C.A.)"
84,Cabramatta,"Strata (unit, townhouse, villa)",Unit/Apartment,495000,13.112313041550827,2026-05-12,2,1,0,0,0,0,0,1,0,0.0,0,3,0.5,1.0,1,25.4,369,0,0,0,0,1,1,0,239,"Second Floor Unit with Value Adding Potential!
An exceptional opportunity to secure a well appointed second floor unit with an impressive and ultra-convenient location! This wonderful entry level residence provides original fixtures with scope for modern improvements ideal for first home buyers looking to get a foot in the door, retirees and downsizers seeking an effortless retirement or a secure investment choice with a buy now occupy later approach! Boasting an expansive layout, bright interiors and a north facing outlook it provides a family friendly complex combining the very best in low maintenance living and convenience being paramount. With an unrivalled locale and only a stone throws away from the vibrant Cabramatta CBD, Cabramatta Public School and Cabramatta Station, it provides buyers with immediate access to an endless selection of retail amenities including restaurants, cafes, and seasons fresh produce all year round.
Property Features:
• Second level full brick unit in convenient location.
• Two (2) well-proportioned bedrooms.
• Bright interiors providing combined living and dining with private north facing balcony.
• Well maintained timber kitchen with meals area and internal laundry.
• Original bathroom with scope for modern improvements.
• Single lock up garage.
• Unrivalled location within walking distance to all amenities and opposite Cabramatta Primary School.
• Currently leased for $350.00 per week
Property area
Internal: 77.4sqm
Car space: 14.6sqm
Total: 92sqm
Quarterly Outgoings ( Approximate )
Council Rates: $287.00
Water Rates: $199.68
Strata Levies: $826.08"
85,Cabramatta,House / duplex,House,2958000,14.900023922252883,2026-05-08,5,4,1,1,1,0,0,1,1,6.413458957167357,0,9,0.8,4.0,4,25.4,365,0,0,1,0,1,0,1,265,"A Spectacular Brand New Custom-Built Luxury Residence
A showcase of breathtaking design & unrivalled craftsmanship. This brand-new, custom-built dream residence is the pinnacle of luxury living. Flawlessly appointed over 2 levels with oversized interiors that reveal a selection of flawless living and dining zones spilling onto resort-style alfresco settings, ideal for extravagant entertaining.
Peacefully positioned on a large 609m2 parcel.
10 min walk to Cabramatta Train Station, Cabramatta CBD, local schools & a short distance to all your family's needs
This is as good as it gets a spectacular brand new luxury home with everything you'll ever want and need
The Highlights:
- Spectacular showcase of luxury & modern living.
- Spread across a generous 609m2 block.
- Extensive glazing throughout ensures blissfully light-filled interiors
- Flawless finishes include double height feature wall with LED inlays, open fireplace & exquisite chandeliers.
- High ceiling throughout, including a soaring double-height void adjacent to an upstairs rumpus.
- Gourmet kitchen enhanced by a stunning natural stone, premium kitchen appliances, integrated fridge(french doors)/dishwasher with butler's pantry & ample storage
- Expansive master suite features a balcony, exquisite walk-in robe, and luxurious ensuite
- Three additional bedrooms grace the top floor, with a fifth bedroom downstairs (with en-suite).
- Bathrooms on each level with high-end finishes & fixtures
- Maintenance-free alfresco entertaining, including a built-in BBQ
- Sparking in-ground pool with outdoor entertaining area with a good-sized yard (grass area)
- Remote control double garage with driveway parking & automatic gate.
- Keyless entry, smart home automation, automatic sheer curtains.
- Ducted and zoned air conditioning, alarm & intercom."
86,Cabramatta,"Strata (unit, townhouse, villa)",Unit/Apartment,480000,13.081541382884074,2026-05-04,2,1,0,0,1,0,0,0,0,0.0,0,3,0.5,1.0,1,25.4,361,0,0,0,0,1,1,1,164,"Top Floor Renovated Unit in the Heart of Cabramatta
Positioned just moments from the vibrant Cabramatta shopping precinct, this renovated top floor unit offers the perfect blend of convenience and low maintenance living. Enjoy being only a short stroll to Cabramatta's renowned restaurants, cafes, fresh food markets and train station.
Features:
• Renovated interiors throughout
• Modern kitchen and updated bathroom
• Bright open living and dining area
• Top floor position with great natural light and privacy
• Secure lock-up garage
• Very clean and well-maintained complex
• Walk to Cabramatta shops, eateries and public transport
Outgoings per quarter (Approx.):
Strata $452 | Council $283 | Water $200 plus usage
An ideal opportunity for first home buyers or investors to secure a property in one of Cabramatta's most convenient locations.
Disclaimer: All information is gathered from sources we believe to be reliable; however, accuracy is not guaranteed. Interested parties should rely on their own enquiries. Images and floor plans may include digital furnishings."
87,Cabramatta,"Strata (unit, townhouse, villa)",Unit/Apartment,680000,13.42984807715229,2026-05-02,3,2,0,1,0,0,0,0,0,0.0,0,5,0.6666666666666666,1.0,1,25.4,359,0,0,0,0,1,1,0,176,"RARE GROUND-FLOOR IN THE HEART OF CABRAMATTA!
Rare Ground-Floor Opportunity in the Heart of Cabramatta CBD
Seize this rare opportunity to secure a spacious ground-floor three-bedroom unit in the vibrant heart of Cabramatta CBD. Perfectly positioned just moments from local amenities, restaurants, cafes, the train station, and Sacred Heart Catholic Primary School, this home offers outstanding convenience and lifestyle appeal.
Ideal for downsizers, young families, or savvy investors, this well-appointed residence combines comfort, accessibility, and a highly sought-after location.
Property Features:
+ Three generous bedrooms with built-in wardrobes
+ Master bedroom with private ensuite
+ Light-filled open-plan living and dining area
+ Modern kitchen with ample storage and bench space
+ Ground-floor position ideal for young families and seniors
+ Two split-system air conditioning units
+ Designated parking space
Enjoy the convenience of living within walking distance to shops, eateries, transport, and schools in one of South-West Sydney's most vibrant precincts.
With its prime location and rare ground-floor positioning, this exceptional home is an opportunity not to be missed. Contact us today to arrange an inspection."
88,Vaucluse,"Strata (unit, townhouse, villa)",Townhouse,1675000,14.331323723241304,2025-06-17,2,2,0,1,1,0,1,1,0,0.0,0,4,1.0,1.0,4,6.5,40,0,1,0,0,0,0,1,344,"Beautifully appointed townhouse in `Vaucluse Gardens'
18/31-39 DIAMOND BAY ROAD (ACCESS VIA ISABEL AVE), VAUCLUSE
Peacefully positioned in the sought-after `Vaucluse Gardens' complex, this stylishly renovated townhouse delivers an idyllic coastal sanctuary within a stroll of breathtaking Diamond Bay Reserve. Cleverly designed for contemporary comfort and ease of living with dual aspects and an effortless cross-flow, it features a wonderfully spacious layout with a crisp coastal aesthetic enhanced by engineered timber floors and fresh neutral tones. A gourmet island kitchen is equipped with premium gas appliances, while open plan living and dining areas transition seamlessly to front and rear sun washed courtyards. The upper-level comprises two well-sized bedrooms, both of which are appointed with built-in wardrobes and reverse cycle air conditioning. The main bedroom features a chic skylit ensuite and opens to an undercover balcony enjoying gentle sea breezes. Further highlights include a stylish full-sized main bathroom and pull-down attic storage with potential for a loft-style conversion. Residents enjoy access to the complex beautifully landscaped gardens and a swimming pool plus a secure basement car space. It is exceptionally located just minutes to Rose Bay North village shops, Coles and popular cafés as well as Vaucluse Village, Watsons Bay and within footsteps to buses.
Features:
• Tastefully renovated for contemporary living
• Beautifully presented with stylish neutral tones
• Front and rear courtyards, effortless cross-flow
• North facing rear courtyard awash with sunshine
• Gourmet island kitchen, premium gas appliances
• Breakfast bar, ample cupboard storage, dishwasher
• Well-sized bedrooms appointed with built-in robes
• Both bedrooms with reverse cycle air conditioning
• Modern 2.5 bathrooms, main with bath and shower
• Main with stylish ensuite and a covered balcony
• Lower level third w/c, ceiling fans, study nook
• Residents access complex gardens and pool
• Pull-down attic/scope for loft-style conversion
• Convenient access to secure basement car space
• Steps to Diamond Bay Reserve and coastal walk
• Minutes to Rose Bay North village shops, Coles
• Close to Vaucluse village, buses, popular cafés
• Moments to premier schools and Watsons Bay"
89,Vaucluse,"Strata (unit, townhouse, villa)",Unit/Apartment,1390000,14.144814305106875,2025-06-14,3,1,0,1,0,1,0,1,0,0.0,0,4,0.3333333333333333,1.0,3,6.5,37,0,1,1,0,0,0,0,267,"Sold By Ty Demirezen 0422 577 720
1/697 OLD SOUTH HEAD ROAD, VAUCLUSE
This property has now sold - For more information, please call Ty Demirezen on 0422 577 720.
Space, style and light - family-sized apartment by Diamond Bay
Three-bedroom apartments in Vaucluse are a sought-after commodity and this stylishly revamped coastal residence ticks every box. On the first floor of a recently upgraded boutique building of just six, it's spacious, tastefully appointed and bathed in sunshine, capturing district views and ocean glimpses from its balcony. Generous entertaining space, an as-new designer kitchen and bathroom, an oversized lock-up garage and air-conditioning make this apartment wonderfully liveable and appealing. Enjoy Kimberley Reserve as your playground, take a leisurely stroll along the revitalised Diamond Bay Cliffwalk or wander to Vaucluse village shops and beloved local eateries such as Botanica, Rocco's and Woshoku. For an easy commute, buses to the city and Watsons Bay are just footsteps from your door.
- Three bedrooms, two with b/ins, including king-sized main.
- Roomy living and dining space opening to a sunny balcony.
- Contemporary CaesarStone kitchen with Euro appliances.
- Stylish bathroom with a bath and double stone vanity.
- Guest powder room, integrated laundry in the kitchen.
- Windows on three sides with no common walls for privacy.
- Timber floors, integrated bookshelves, plantation shutters.
- Oversized lock-up garage with integrated storage space.
- Daikin reverse cycle air cond for year-round comfort.
- Follow the Gap Bluff Walking Track to Watsons Bay.
- 350m to Rose Bay North village and Coles supermarket.
- Catchment for highly regarded Vaucluse Public School."
90,Vaucluse,"Strata (unit, townhouse, villa)",Unit/Apartment,1290000,14.070152776337855,2025-05-20,2,1,0,0,1,0,0,1,0,0.0,0,3,0.5,1.0,2,6.5,12,0,1,0,0,0,0,1,134,"BEAUTIFULLY RENOVATED TWO (2) BEDROOM APARTMENT
5/1-3 KIMBERLEY STREET, VAUCLUSE
Situated at the rear of this modernised building taking in water glimpses from the spacious wrap around balcony.
Features include two (2) spacious bedrooms both with built in wardrobes, a large open plan lounge-dining room just off the modernised kitchen, internal laundry as well as a lock up garage. Security building.
Perfectly positioned just seconds to Diamond Bay Reserve with spectacular clifftop and ocean surrounds a short stroll away.
* Beautifully renovated apartment
* Two (2) bedrooms, both with built ins
* Rear of building with water glimpses
* Short stroll to Diamond Bay Reserve
* Lock Up Garage
* Security block
INSPECT: BY APPOINTMENT
OUTGOINGS:
WATER RATES: $173.00 PQ
COUNCIL RATES: $352.00 PQ
STRATA LEVIES: $1330.60 PQ
CONTACT: STEVE PAPPAS 0438 355 555"
91,Vaucluse,House / duplex,House,10250000,16.14278826354869,2025-05-08,5,2,1,0,1,0,0,1,1,6.621405651764134,0,7,0.4,3.0,3,6.5,0,0,1,1,1,0,0,1,261,"Stunning Family Entertainer On Expansive Vaucluse Block With Boundless Potential
205 HOPETOUN AVENUE, VAUCLUSE
Positioned upon a vast 750 sqm block, elevated for exceptional privacy and beautiful views, this brilliant family home offers superb poolside entertaining and an abundance of future potential. Facing north, it is designed to capture vibrant natural light at all hours of the day, epitomised by the sun-washed living and dining spaces and the remarkable array of outdoor entertaining areas. The picturesque front terrace and verandah offer an idyllic setting with a magnificent backdrop for dinner parties, while the rear garden provides a large swimming pool and numerous poolside settings to enjoy throughout the day. With grand proportions throughout, the home is ready to enjoy while demonstrating incredible renovation potential, as well as the scope to build designer duplexes (STCA). It is positioned footsteps from Gibsons Beach Reserve and a short stroll from Watsons Bay ferries.
Property Features:
- North-facing living & dining with stunning width & volume
- Spectacular outdoor entertaining & vibrant poolside dining
- Breathtaking north-facing balcony with Watsons Bay views
- Updated open kitchen with Miele induction & two ovens
- Oversized master suite with a walk-in & an ensuite spa bath
- Children's wing includes a media room & 3 beds with built-ins
- Ground-floor guest powder room, additional WC in laundry
- Charming sandstone façade with a double automatic garage
- Potential to renovate or rebuild luxurious duplexes (STCA)
- Enjoy a morning stroll on the serene Watsons Bay waterfront
- Walking distance to Vaucluse Public School, buses to the CBD"
92,Vaucluse,House / duplex,House,6200000,15.64005985001532,2026-03-17,4,3,1,1,0,1,0,1,1,6.547889535567087,1,7,0.75,3.0,4,6.5,313,0,1,1,0,0,0,0,445,"Coastal Family Entertainer Offers the Ultimate Layout.
Elevated to capture sweeping ocean views in a prime Vaucluse address, this exceptional freestanding residence delivers an extraordinary standard of family living and entertaining across an impressive tri-level design.
A welcoming entrance foyer draws you into the home's expansive living domain, where generous lounge and dining areas create a strong sense of openness and an effortless connection to the outdoors.
The kitchen is a statement in understated elegance while also a high-performance workspace, featuring deluxe Calacatta marble benchtops including a vast island breakfast bar and premium Miele gas appliances.
Seamless transitions are made to a fabulous alfresco entertaining setting with a Vergola, while beyond the experience becomes distinctly resort-like. An elevated sun bathed swimming pool and an adjoining cabana amid lush gardens give relaxed holiday vibes and a true sense of escape.
Accommodation comprises four well-proportioned bedrooms on the upper-level, all of which are appointed with built-in wardrobes and ceiling fans, while both the master and adjoining living area open directly to a sunlit full-width terrace with superb ocean views.
Entertainment excellence continues with an incredible lower-level living space featuring a family rumpus/games room and media zone, while further highlights include ducted air conditioning, C-bus home automation, an alarm system and extensive storage.
Finishes of rich timber, glass and Travertine are showcased throughout, while the residence is complete with internal access to a double remote garage plus additional off-street parking.
Its premier location is within a stroll of breathtaking oceanfront parklands and clifftop boardwalks as well as Rose Bay North with buses, village shops and eateries, Coles and everyday conveniences. It is just minutes to Vaucluse village and prestigious schools as well as boutique harbour beaches and Watsons Bay.
- 4 bed | 3 bath | 3 car
- Impressive open plan living/dining with level flow to rear
- Incredible chef's Calacatta marble kitchen w/ island b/bar
- Premium Miele gas appliances, abundant pantry storage
- Seamless transition to entertainers' terrace with Vergola
- Elevated pool with cabana in sun bathed garden surrounds
- Curved staircase w/ circular skylight leads to upper-level
- Upper-level bedrooms with built-in robes and ceiling fans
- Master with walk-in wardrobe and chic fully tiled ensuite
- Designer marble bathrooms, main with corner spa bath
- Master & upper-living flow to full-width ocean view terrace
- Expansive rumpus/family room & media area on lower level
- Exquisite finishes, rich timber and Travertine throughout
- Zoned ducted air conditioning, C-bus home automation
- Polished timber floors on upper-level, extensive storage
- Lower-level features concrete flooring, alarm system
- Internal access to double garage, off street parking
- Walk to Vaucluse village, eateries, everyday conveniences"
93,Vaucluse,House / duplex,House,22410000,16.92501784577711,2026-03-21,5,3,1,1,0,1,1,1,1,6.523562306149512,0,8,0.6,2.0,5,6.5,317,0,1,1,0,0,0,0,517,"Modernist Architectural Residence With Dual Frontages, Pool & Breathtaking Views To Harbour Bridge And Opera House
In a blue-chip position opposite harbourfront parkland and the foreshore walk to Neilsen Park, this contemporary family residence stands on approx. 680 sqm land with frontages to Wentworth Road and Vaucluse Road, two of the most prestigious addresses in Vaucluse. Superbly reimagined by celebrated architect James Grose, the home impresses with light-filled interiors, exceptional privacy, leafy surrounds and spectacular harbour views to the Opera House, Harbour Bridge and city skyline.
A timeless modernist aesthetic defines the five-bedroom house created for indoor-outdoor living and entertaining with seamless flow to spacious covered alfresco areas on both levels. Of superior quality and construction with wall-to-wall glass maximising natural light and harbour views over two spacious levels with living and dining areas, gourmet kitchen, master bedroom suite, study (or bedroom) and powder room at entry level, while downstairs is ideal for teenagers with 3 bedrooms, 2 bathrooms, large home office and a second living area flowing to the poolside terrace, pool and covered terrace.
Enjoy relaxed luxury and greenery all around in this tranquil home with north side aspect, ducted air-con, CCTV security, solar roof panels and secure entry from the garage to a ramp leading to the main level, as well as stairs to the lower level with its own entrance. A rare find with only two owners since the original c1950s house was built, the property presents an enviable lifestyle with footsteps to harbour beaches, minutes to Vaucluse shopping village and close proximity to excellent schools.
- Spectacular harbour views to Opera House and Harbour Bridge
- Directly opposite parkland surrounding historic Strickland House
- Entrance hall with wide pivot door & custom built-in bookshelves
- Living area with gas fireplace, wall-to-wall glass & harbour views
- Dining area with custom built-in bookshelves & harbour views
- Covered alfresco deck with space to seat 12 or more people
- Second large living area (lower level) flows to pool & terraces
- Large gourmet kitchen with stone benchtops & walk-in pantry
- Miele induction cooktop & dishwasher, Neff oven & steam oven
- Qasair stainless steel rangehood, generous storage, wine fridge
- Bifold doors allow the kitchen to be closed from the dining area
- Master king-size bedroom with walk-in wardrobe and ensuite
- Master ensuite with bath, separate shower, twin basin vanity
- Study (or 2nd bedroom) with custom built-in bookshelves
- 3 more bedrooms (lower level) with b/ins, one with ensuite
- 3 bathrooms, powder room, laundry with sink and storage
- Covered alfresco courtyard on lower level (ideal for teenagers)
- Laundry opens to drying courtyard with Hills Hoist clothesline
- Separate storage room with access from the drying courtyard
- High ceilings, polished timber floors, sunny north side aspect
- Ducted r/c air-conditioning, solar roof panels, CCTV security
- 2 car auto-door garage with secure access to entrance ramp
- 220m to harbourside Milk Beach & Hermitage Foreshore Walk
- 100m to Neilsen Park & 500m to harbourside Shark Beach
- Minutes to Vaucluse shopping village, close to top schools"
94,Vaucluse,House / duplex,House,6500000,15.687312734865866,2026-03-25,4,4,1,1,1,0,0,1,1,6.547889535567087,1,8,1.0,2.0,4,6.5,321,0,1,1,0,0,0,1,290,"Brand-New Architectural Family Entertainer of Visionary Design and Superior Craftsmanship
Visionary design, state-of-the-art finishes and exceptional craftsmanship define this newly built architectural residence, delivering a home of remarkable quality and striking individuality.
Designed with elegant curves, soaring ceilings and a refined yet durable material palette, this four-bedroom residence has been conceived as both a luxurious family sanctuary and an impressive entertainer. A seamless level flow connects the interiors to a sun-soaked outdoor oasis where a heated quad-jet swimming pool forms the centrepiece of the home's private entertaining space.
Spanning two striking levels and bathed in natural light, the home reveals a chef's marble island kitchen at its heart, appointed with premium Wolf gas appliances and a fully equipped butler's pantry. Expansive open-plan living and dining areas are anchored by a statement gas fireplace and transition effortlessly to the outdoor entertaining area.
Accommodation is thoughtfully arranged across the upper level with three generous bedrooms, each featuring custom built-in wardrobes, ceiling fans and beautifully appointed ensuites. The luxurious master suite enjoys a boutique-style dressing room/walk-in wardrobe and a designer ensuite.
All four marble bathrooms are elegantly finished with rain showers and quality Caroma tapware, while the master ensuite also features a freestanding bath and dual vanity. Additional highlights include a private lift servicing both levels, extensive custom joinery, a lower-level guest bedroom and zoned reverse-cycle air conditioning for year-round comfort.
Framed by beautifully landscaped gardens and accessed via a Summit cobblestone driveway with carport and additional off-street parking, this exceptional residence is positioned just metres from Vaucluse Public School and moments to Kutti Beach, connecting to the scenic harbourfront walk to Gibsons Beach, Watsons Bay and Camp Cove.
Ray White Double Bay - Exceptional Living Begins Here
Our recommended loan broker https://broker.loanmarket.com.au/DOUBLE-BAY"
95,Vaucluse,House / duplex,House,19500000,16.785925023533974,2026-03-26,5,4,1,1,0,0,1,1,1,7.068172000388042,0,9,0.8,4.0,4,6.5,322,0,1,1,0,0,0,0,182,"Family Sanctuary Where Stunning Harbour Panoramas and Tranquility Unite
Hidden from the street and wrapped in tranquility, this expansive family retreat unveils spectacular harbour vistas encompassing the city skyline, Opera House and Harbour Bridge. Spanning three stunning levels and a 1,173sqm landholding, the property radiates warmth, comfort and luxury, enhanced by seamless indoor and outdoor integration designed for elevated living and entertaining against the harbour panorama. Elite schools, shopping villages, harbourside attractions and beautiful beaches are on your doorstep while only moments from the CBD.
• 5 bedrooms, 4.5 bathrooms, DLUG + 4 car spaces
• Expansive living spaces spilling to harbour-facing balconies
• Formal and casual dining perfect for hosting and mealtimes
• Island kitchen reveals quality appliances and walk-in pantry
• Luxurious bedrooms and bathrooms plus professional office
• Huge games room connects to private guest bedroom suite
• Resort-style swimming pool set amid backyard garden oasis
• Ducted air conditioning, smart building control, ample storage
• Double garage with internal access plus multiple car spaces
Ray White Double Bay - Exceptional Living Begins Here
Our recommended loan broker https://broker.loanmarket.com.au/DOUBLE-BAY"
96,Vaucluse,House / duplex,House,4070000,15.219153557418778,2026-03-28,3,3,1,0,0,0,0,1,1,6.547889535567087,1,6,1.0,1.0,2,6.5,324,0,1,1,0,0,0,0,205,"Contemporary Harbour-Side Retreat
Positioned just 120m from Vaucluse Public School and an easy 700m stroll to Parsley Bay Beach and Reserve, this exceptional residence pairs architectural pedigree with effortless coastal living. Once a humble fisherman's cottage, it has been masterfully reimagined into a sophisticated contemporary sanctuary where industrial elements meet refined finishes. Designed to celebrate natural light, the home reveals soaring volumes, expansive glazing and strategically placed skylights that flood the interiors with warmth throughout the day. Privately set yet moments to both Vaucluse and Watsons Bay villages, it delivers a rare combination of design excellence, convenience and lifestyle appeal.
- Secure gated off-street parking plus DA approval for a future carport seamlessly integrated with the façade
- Architecturally transformed by renowned designer Ed Lippmann
- Striking double-height voids enhancing space and natural light
- Expansive open-plan living and dining zones across a full entertaining level
- Three generous bedrooms, including a master retreat with ensuite and walk-in robe
- Designer gas kitchen featuring stainless steel finishes and a movable marble island
- North-facing courtyard oasis with mosaic-tiled pool, sun lounge and integrated BBQ/wet bar
- Premium materials throughout including Blackbutt timber floors and Carrara marble
- Curated Italian lighting complementing the home's contemporary aesthetic"
97,Vaucluse,House / duplex,House,5300000,15.483217378522351,2026-03-30,4,2,1,1,0,0,1,1,1,5.872117789475416,0,6,0.5,2.0,4,6.5,326,0,1,0,0,0,0,0,169,"Private Lifestyle Oasis For Families Who Love Indoor/Outdoor Entertaining
Poised within a quiet cul-de-sac, this radiant home creates a private lifestyle oasis for families who love indoor/outdoor entertaining. Flowing across an expansive dual level layout, modern interiors reveal multiple living and breakout zones including an open plan family space which connects to a covered entertainers' deck, easycare level lawns and a sparkling gas heated swimming pool in lush surrounds. It's an easy stroll to Rose Bay Village with a variety of cafés, shops and eateries, Bondi buses and cliff side ocean walks.
• 4 bedrooms, 2 bathrooms and a double garage
• Expansive open living/dining zone and kitchen
• Media room or lounge plus upstairs rumpus
• Stone kitchen with Ilve gas cooktop and oven
• Generous top floor bedrooms with walk/built-ins
• Main has study, walk-ins, full dual crafted ensuite
• Ducted air conditioning, hardwood timber floors
• Oversized double garage with high ceilings
Ray White Double Bay - Exceptional Living Begins Here
Our recommended loan broker https://broker.loanmarket.com.au/DOUBLE-BAY"
98,Vaucluse,"Strata (unit, townhouse, villa)",Unit/Apartment,2270000,14.635290389457586,2026-04-02,3,2,0,1,1,0,0,1,0,0.0,0,5,0.6666666666666666,1.0,3,6.5,329,0,1,1,0,0,0,1,216,"Beautiful North-East Facing Newly Renovated Apartment Defined by Style & Modern Living
Spanning an entire level with no common walls, this newly renovated contemporary apartment delivers a luxurious sense of style with exceptional ease of living and high-end finishes. Positioned on the elevated ground floor in a prized parkside setting, it enjoys level access along with direct internal access from an oversized single garage. Bathed in natural light from its sunny north-east aspect, the bright and airy three-bedroom layout flows seamlessly to its indoor/outdoor entertaining zones, offering superb comfort and flexibility for young families and downsizers alike. Located less than 200 metres to Kimberley and Diamond Bay Reserves, with scenic clifftop walks and village conveniences just moments away, it perfectly balances lifestyle and location
• 3 generous bedrooms, 2 bathrooms, single LUG
• One of only 11 in the building, entry-level access
• Whole level apartment with no common walls
• Sunny back-of-block setting, windows on 3 sides
• Dual banks of sliding glass to wraparound balcony
• Taj Mahal quartzite covers Miele induction kitchen
• Streamlined robes to all bedrooms, ensuite to main
• Herringbone engineered Euro oak floors, ducted a/c
• Dual street access, 1.5km walk to Rose Bay Beach
Ray White Double Bay - Exceptional Living Begins Here
Our recommended loan broker https://broker.loanmarket.com.au/DOUBLE-BAY"
99,Vaucluse,House / duplex,House,10200000,16.1378982782545,2026-04-02,5,4,1,1,0,1,1,1,1,6.547889535567087,1,9,0.8,3.0,5,6.5,329,0,1,1,0,0,0,0,503,"The Ultimate Family Entertainer.
Nestled amid lush tropical gardens with a prized north-east facing level backyard, this exceptional multi-level residence delivers the ultimate environment for luxurious family living and entertaining in a premier Vaucluse address.
Recently refreshed and flooded with natural light, it features a thoughtfully considered layout unfolding effortlessly from front-to-rear, through a series of living and dining zones framed by floor-to-ceiling glass complemented by warm timber finishes and striking sandstone accents.
A vast sequence of superb sun soaked alfresco spaces extend the living areas to the outdoors, with an all-weather entertaining deck overlooking a private, child-friendly level yard with a sparkling infinity swimming pool and spa offering an idyllic setting for relaxed family life and weekend gatherings.
Chef's will delight in the gourmet stone kitchen equipped with a full suite of Gaggenau gas appliances and a butler's pantry, while the upper-level is dedicated to accommodation with five well-sized bedrooms designed as relaxing, light filled retreats. All five bedrooms are appointed with built-in wardrobes, four of which feature custom built-in desks and the luxurious master features a chic ensuite with dual vanity, a standalone bath and rainwater shower plus access to a private sunny balcony overlooking the secluded backyard.
The lower levels are equally impressive with a private custom study, a large media/rumpus room and a wine cellar, creating versatile spaces for work, play and entertaining.
Further highlights include zoned ducted air conditioning, a premium gas fireplace, extensive internal storage, a family sized laundry with direct outdoor access and internal access to an oversized double remote garage.
This impressive family residence is positioned within a stroll of Parsley Bay Beach and Vaucluse Public School, while moments to Vaucluse village, boutique harbour beaches, public transport and prestigious schools.
- 5 bed + study | 4 bath | 2 car
- Impressive proportions w/ a sequence of living/dining zones
- Recently refreshed throughout and bathed in natural light
- Upper level enjoys sweeping leafy views towards the harbour
- Interiors flow to a vast series of sun soaked alfresco spaces
- North east facing level backyard amid lush tropical gardens
- Covered all-weather entertainment deck with integrated BBQ
- Infinity swimming pool and spa with tranquil water features
- Gourmet stone kitchen with premium Gaggenau gas appliances
- Full butler's pantry, island breakfast bar, Vintec wine fridge
- Welcoming lounge, premium gas fireplace, custom cabinetry
- Five well-sized upper-level bedrooms with built-in wardrobes
- Luxe master bedroom with designer ensuite & sunlit balcony
- Lower-level media room, wine cellar, stylish bathrooms
- Main bath & ensuite w/ standalone bath, rainwater shower
- Private study with built-in desks and extensive storage
- Ducted air conditioning, timber floorboards, sandstone wall
- Internal access to oversized double garage, vast storage
- Solid double brick and concrete construction foundation
- Stroll to Parsley Bay Beach and Vaucluse Public School
- Short walk to Kutti Beach, Vaucluse Bay and Nielsen Park
- Minutes to Vaucluse village shops, cafés, specialty stores
- Easy access to prestigious schools, Watsons Bay, transport"
100,Vaucluse,"Strata (unit, townhouse, villa)",Unit/Apartment,1850000,14.430696197054507,2026-04-10,2,2,0,1,0,0,0,1,0,0.0,0,4,1.0,1.0,2,6.5,337,0,1,1,1,0,0,0,193,"Perfect for down-sizers. Lock up and go in a modern boutique block
This modern apartment offers stylish finishes, generous proportions, and a practical layout designed for relaxed coastal living. Located within a boutique development, it features open-plan living and dining that connects seamlessly to a private balcony, ideal for entertaining or unwinding.
The sleek gas kitchen is fitted with quality integrated appliances, including a fridge and dishwasher, and ample storage throughout. Both bedrooms include built-in wardrobes, with the main featuring a private ensuite. A second bathroom includes a full-sized bathtub, and there's also an internal laundry.
Ducted air conditioning provides year-round comfort, completing a home that balances low-maintenance living with premium design.
Set just moments from Vaucluse village, harbour beaches, and scenic coastal walks, this apartment delivers easy access to some of the East's most desirable lifestyle attractions.
• Open-plan living flowing to private balcony
• Designer gas kitchen with integrated fridge & dishwasher
• Two bedrooms with built-in wardrobes
• Main bedroom with private ensuite
• Second bathroom with full-sized bathtub
• Ducted air conditioning and internal laundry
Ray White Double Bay - Exceptional Living Begins Here
Our recommended loan broker https://broker.loanmarket.com.au/DOUBLE-BAY"
101,Mount Druitt,House / duplex,House,1250000,14.038654109278484,2026-05-07,4,2,0,1,1,0,0,1,1,6.638567789166521,0,6,0.5,6.0,3,37.7,364,0,0,0,1,0,0,1,554,"UNDER CONTRACT BY MATT DEBONO 0432 443 770
10 FRANCIS STREET, MOUNT DRUITT
Matt DeBono from Harcourts Your Place is excited to present 10 Francis Street, Mount Druitt - a home that has not been offered to the market in over 52 years! Featuring four bedrooms, two bathrooms, and two living areas, and positioned in a prime location, this home is a perfect example of an exceptionally maintained and updated family residence. Sitting on a massive 763sqm block, this property also offers granny flat potential (STCA).
Stepping inside, you are greeted by:
- A large lounge room with LED downlights
- Four sizable bedrooms with ceiling fans, perfect for growing families
- Three bedrooms containing built-in wardrobes
- A large master bedroom featuring a stunning ensuite to match the main bathroom, plus porch access
- Loads of linen storage and an additional toilet in the hallway
- An open-plan family, dining, and kitchen area
- A stunning internal laundry with the tub integrated into the benchtops and a broom closet
- A separate powder room off the laundry
The renovated kitchen features:
- Ample cupboard space
- 40mm solid surface benchtops with an integrated deep double-bowl sink, adding a touch of class
- Top-of-the-range Miele appliances - oven, stove, electric cooktop, rangehood, and integrated dishwasher
- A sleek glass splashback
- Tiled flooring
- Soft-close doors
- Plumbing behind the fridge, ready to go
The stunning main bathroom includes:
- Floor-to-ceiling tiles
- A beautiful freestanding bath
- Floating vanity featuring solid surface benchtops and an integrated bowl
- A massive frameless mirror
- A large frameless shower
- Wall-mounted TV
Stepping outside, this is your own private oasis - offering space for entertaining while the kids run around in complete privacy.
- A certified 8-10 person heated spa with a lockable cover, positioned under a gazebo
- A porch attached to the rear of the house, including outdoor café blinds
- Paved drive-through side access leading to the garage and carport, allowing parking for up to six cars
- Drive-through garage with plumbing and power, featuring a kitchenette with heaps of storage - ideal potential for a teenage retreat
- A huge entertainer's pergola with café blinds all around, transforming the space into an additional outdoor room, perfect for large family BBQs and entertaining friends
- Breathtaking, well-established low-maintenance gardens and hedging
- Manicured front and back lawns
- Watering system throughout the front and back gardens
- Spotlights and sensor lighting to light up the night
Other features include:
- Updated skillion roof, with new bedding and pointing to the tiled roof
- Aluminium fascia
- External speakers and TV mounted under the pergola
- LED downlights throughout
- Two powerful split-system air conditioners plus one wall-mounted air conditioner
- Window locks to all windows and sliding glass doors
Homes like this are very rare. Be quick to get your copy of the contract and book yourself in for an inspection. Call Matt DeBono directly on 0432 443 770.
Disclaimer: We have been furnished with the above information; however, Harcourts Your Place St Marys and Plumpton gives no guarantees, undertakings or warnings concerning the accuracy, completeness or up-to-date nature of the information provided. All interested parties are responsible for their own independent inquiries to determine whether this information is in fact accurate."
